Ранг,Модель,L2 Cache + L3 Cache,TDP (Вт),МГц (норм. - - Turbo),Ядра / потоки,"Потенциал, %",3DMark06 CPU,CB R10 32Bit Single,CB R10 32Bit Multi,Cinebench R11.5 CPU Single 64Bit,CB R11.5 64Bit,Cinebench R15 CPU Single 64Bit,Cinebench R15 CPU Multi 64Bit,wPrime 32,x264 Pass 1,x264 Pass 2
1,Intel Core i9-7900X,+ 13.8MB,140,3300 ? 4500,10/20,86.6,12678,7287,49738,2.2,23.88,192.74,2148,2.91,217,121
2,Intel Core i7-6950X,2.5MB + 25MB,120,3000 ? 3500,10/20,74.9,10658,6231,40378,1.9,20,155.5,1859,3.5,196,101
3,Intel Xeon E5-2680 v4,3.5MB + 35MB,120,2400 ? 3300,14/28,51.9,8285.5,3707,30922,1.13,17.65,100,1657,,136.6,79.1
4,AMD Ryzen 7 1800X,4MB + 16MB,95,3600 ? 4000,8/16,67.8,9585,5062,32833,1.79,18,162,1619,4.6,179,84
6,Intel Core i7-8700K,1MB + 12MB,95,3700 ? 4700,6/12,79.3,11650,7413,39624,2.27,15.64,196.5,1413.5,4.48,232.5,87.3
7,AMD Ryzen 7 1700X,4MB + 16MB,95,3400 ? 3800,8/16,66,9076,4662,31950,1.73,16.95,154,1537,4.89,180,90.05
8,Intel Xeon E5-2697 v2,3MB + 30MB,130,2700 ? 3500,12/24,60.2,8843,4173,34776,1.25,17.6,105,1550,12.31,164.84,85.16
,,,,,,,,,,,,,,,,
9,Intel Core i7-7740X,1MB + 8MB,112,4300 ? 4500,4/8,72.2,10229,7395,29785,2.21,10.86,195,988,5.4,233.6,61.7
11,Intel Core i7-7700K,1MB + 8MB,91,4200 ? 4500,4/8,71.2,10156,7304.5,28903,2.19,10.37,192.5,938.5,5.56,230,61.6
13,Intel Core i5-8400,1MB + 9MB,65,2800 ? 4000,6/6,67,9474,6363.5,30789.5,1.9,10.99,167,945,6.2,223.8,61.4
14,Intel Core i7-5960X,2MB + 20MB,140,3000 ? 3500,8/16,65.4,9924,5193,33929,1.53,15.05,139,1387,4.25,191,82.3
15,AMD Ryzen 7 1700,4MB + 16MB,65,3000 ? 3700,8/16,61.2,8335,4419,29330,1.66,15.7,147,1413.85,6,153.85,74.4
16,Intel Core i7-4960X,1.5MB + 15MB,130,3600 ? 4000,6/12,59,8743,,,,11.23,144,1076,4.56,,
18,Intel Core i7-7700,1MB + 8MB,65,3600 ? 4200,4/8,61.1,,,,2.02,9.52,178,857,6.73,181,49
19,Intel Core i7-6700K,1MB + 8MB,91,4000 ? 4200,4/8,65,9037,6487,25817,1.97,9.65,177.5,880,6.66,204.75,54.58
20,Intel Xeon E5-2680,2MB + 20MB,130,2700 ? 3500,8/16,55.2,7924,4118,26801,1.26,11.95,,,4.87,,
21,Intel Core i7-3960X,1.5MB + 15MB,130,3300 ? 3900,6/12,59.9,8330,5013.5,27189.5,1.52,10.52,159,1158,5.12,173,54.8
22,Intel Core i7-4790K,1MB + 8MB,88,4000 ? 4400,4/8,64,9485,6520,25082,1.95,9.14,174,846,5.94,189.14,51.57
23,AMD Ryzen 5 1600,3MB + 16MB,65,3200 ? 3600,6/12,59.9,8222,4538,25970,1.65,12.57,147.5,1134,5.2,177,68.7
Ранг,Модель,L2 Cache + L3 Cache,TDP (Вт),МГц (норм. - - Turbo),Ядра / потоки,"Потенциал, %",3DMark06 CPU,CB R10 32Bit Single,CB R10 32Bit Multi,Cinebench R11.5 CPU Single 64Bit,CB R11.5 64Bit,Cinebench R15 CPU Single 64Bit,Cinebench R15 CPU Multi 64Bit,wPrime 32,x264 Pass 1,x264 Pass 2
24,Intel Xeon E3-1280 v5,1MB + 8MB,80,3700 ? 4000,4/8,60.4,8470,,,1.92,8.91,163,815,9.5,187.5,50.7
25,Intel Core i7-6700,1MB + 8MB,65,3400 ? 4000,4/8,61.6,8478,6002.5,24304.5,1.93,8.86,168.5,802,6.8,187.4,50.8
27,Intel Xeon E3-1535M v6,1MB + 8MB,45,3100 ? 4200,4/8,60.1,8227.5,6426,20729,1.92,7.48,175.5,806,10.61,169.29,39.78
29,Intel Core i7-7920HQ,1MB + 8MB,45,3100 ? 4100,4/8,56,,6169,24138,1.86,8.9,163,814,,189.6,50.6
30,Intel Core i7-4790,1MB + 8MB,84,3600 ? 4000,4/8,58,,5926,22667,1.79,8.29,158.5,765,6.39,171,46
32,Intel Core i5-7600K,1MB + 8MB,91,3800 ? 4200,4/4,64.3,8532,6814,24179,2.02,7.87,179.5,674,8.49,223,46.2
33,Intel Core i7-5775C,1MB + 6MB,65,3300 ? 3700,4/8,58.4,7933,5844,22261,1.79,8.32,152,772,6.3,179.84,46.24
34,Intel Core i7-4770K,1MB + 8MB,84,3500 ? 3900,4/8,58.6,8030,5845,22325,1.77,8.17,,,7.08,174.8,45.8
35,AMD Ryzen 5 1500X,2MB + 16MB,65,3500 ? 3700,4/8,56.1,7403,4573,20186,1.73,8.95,157,817.5,6.9,177,49.5
36,Intel Core i7-4790S,1MB + 8MB,65,3200 ? 4000,4/8,50.8,,5566,21072,1.72,7.78,150,714,,,
38,Intel Xeon E3-1505M v6,1MB + 8MB,45,3000 ? 4000,4/8,60.8,7713.5,6332,23780,1.92,8.25,170,737,11.01,185.01,48.53
39,Intel Xeon E3-1575M v5,1MB + 8MB,45,3000 ? 3900,4/8,,,,,,,,,,,
40,Intel Core i7-4940MX,1MB + 8MB,57,3100 ? 4000,4/8,57,7678,5853,21022,1.77,7.64,157,708,7,167.43,42.9
42,Intel Core i7-7820HQ,1MB + 8MB,45,2900 ? 3900,4/8,54.6,7332,5947,22673,1.81,8.12,160,746.5,,,
44,Intel Core i7-7820HK,1MB + 8MB,45,2900 ? 3900,4/8,59.8,8064,6217,23041,1.83,8.42,162.5,769,6.69,178.8,46.9
47,Intel Xeon E3-1545M v5,1MB + 8MB,45,2900 ? 3800,4/8,,,,,,,,,,,
48,Intel Core i7-4930MX,1MB + 8MB,57,3000 ? 3900,4/8,56,7456,5635,20812,1.73,7.55,150,736,7.21,164.31,42.3
49,Intel Core i7-5950HQ,1MB + 6MB,47,2900 ? 3800,4/8,34.8,,,,,,,748,,,
50,Intel Core i7-6920HQ,1MB + 8MB,45,2900 ? 3800,4/8,58.6,7807,5906,22527,1.85,7.9,159.5,734.5,10.23,176.46,45.32
51,Intel Xeon E3-1535M v5,1MB + 8MB,45,2900 ? 3800,4/8,57.8,7221,5772.5,22321.5,1.83,8.16,159.5,745.5,10.37,172,46.37
Ранг,Модель,L2 Cache + L3 Cache,TDP (Вт),МГц (норм. - - Turbo),Ядра / потоки,"Потенциал, %",3DMark06 CPU,CB R10 32Bit Single,CB R10 32Bit Multi,Cinebench R11.5 CPU Single 64Bit,CB R11.5 64Bit,Cinebench R15 CPU Single 64Bit,Cinebench R15 CPU Multi 64Bit,wPrime 32,x264 Pass 1,x264 Pass 2
52,Intel Core i7-6970HQ,1MB + 8MB,45,2800 ? 3700,4/8,,,,,,,,,,,
54,Intel Core i7-7700HQ,1MB + 6MB,45,2800 ? 3800,4/8,57.9,7686,5915,22209,1.81,8.13,159,734,7.5,166.9,46
55,AMD Ryzen 3 1300X,2MB + 8MB,65,3500 ? 3700,4/4,52.4,6310,4676,16094,1.72,6.37,152,558,10.8,181.6,38.4
57,Intel Core i5-7500,1MB + 6MB,65,3400 ? 3800,4/4,55.9,7247,,,1.83,6.89,159,585,9.72,181.63,39.49
58,Intel Xeon E3-1515M v5,1MB + 8MB,45,2800 ? 3700,4/8,,,,,,,,,,,
59,Intel Core i7-5850HQ,1MB + 6MB,47,2700 ? 3600,4/8,31.1,,,,,,,667,,,
60,Intel Xeon E3-1505M v5,1MB + 8MB,45,2800 ? 3700,4/8,56.4,7024,5560,21436,1.78,7.91,157.5,724.5,7.8,166,45
61,Intel Core i7-6870HQ,1MB + 8MB,45,2700 ? 3600,4/8,,,,,,,,,,,
62,Intel Core i7-4980HQ,1MB + 6MB,47,2800 ? 4000,4/8,56.7,7609,5737,21137,1.74,7.48,154,696,6.73,174,40.7
63,Intel Core i7-4910MQ,1MB + 8MB,47,2900 ? 3900,4/8,50.5,7078,5512,20997.5,1.72,7.52,153,697,,162,41
64,Intel Xeon E3-1231 v3,1MB + 8MB,80,3400 ? 3800,4/8,51.4,,5655,21542,1.7,7.91,152,732,,,
65,Intel Xeon E3-1230 v3,1MB + 8MB,80,3300 ? 3700,4/8,52,7996,5506,21708,1.66,7.91,145,729,,,
66,Intel Core i5-6600K,1MB + 6MB,91,3500 ? 3900,4/4,54.4,7413,6188,21324,1.88,6.93,166,601.5,,196.3,40.1
67,Intel Core i7-3770K,1MB + 8MB,77,3500 ? 3900,4/8,56.3,7229,5536,22190,1.65,7.7,,,6.39,172.3,43.4
68,Intel Core i7-3940XM,1MB + 8MB,55,3000 ? 3900,4/8,54.4,7176,5252,20564,1.62,7.45,,,6.98,161.08,40.6
69,Intel Core i7-5700HQ,1MB + 6MB,47,2700 ? 3500,4/8,55.6,7665,5539,21530,1.66,7.78,144,720,6.84,166.36,42.92
70,Intel Core i7-5750HQ,1MB + 6MB,47,2500 ? 3400,4/8,,,,,,,,,,,
71,AMD Ryzen 5 1400,2MB + 8MB,65,3200 ? 3400,4/8,49.9,6436.5,4204.5,17556.5,1.53,7.78,133.76,687.1,7.8,146.9,43
72,Intel Core i7-6820HK,1MB + 8MB,45,2700 ? 3600,4/8,56.2,7410,5653,21165,1.73,7.75,152,709,7.32,165.9,44.1
73,Intel Core i7-6820HQ,1MB + 8MB,45,2700 ? 3600,4/8,55.3,6866,5429,20868,1.72,7.67,153,704,7.9,163.95,44.15
Ранг,Модель,L2 Cache + L3 Cache,TDP (Вт),МГц (норм. - - Turbo),Ядра / потоки,"Потенциал, %",3DMark06 CPU,CB R10 32Bit Single,CB R10 32Bit Multi,Cinebench R11.5 CPU Single 64Bit,CB R11.5 64Bit,Cinebench R15 CPU Single 64Bit,Cinebench R15 CPU Multi 64Bit,wPrime 32,x264 Pass 1,x264 Pass 2
74,Intel Core i7-6770HQ,1MB + 6MB,45,2600 ? 3500,4/8,54.3,,5536,21075,1.66,7.76,134.5,711,7.34,164.7,43.5
75,Intel Core i7-6700T,1MB + 6MB,35,2800 ? 3600,4/8,55.5,7253,5605,20201,1.74,7.26,153,668,9.85,165.2,41.9
76,Intel Core i7-4900MQ,1MB + 8MB,47,2800 ? 3800,4/8,53.9,7184.5,5470,20313,1.67,7.08,145,641,7.63,157,38.66
77,Intel Core i7-4960HQ,1MB + 6MB,47,2600 ? 3800,4/8,29.4,,,,,,,632,,,
78,Intel Core i7-6700HQ,1MB + 6MB,45,2600 ? 3500,4/8,54,7092,5419,20190,1.64,7.45,144,676,7.7,157.45,42
79,Intel Core i7-4810MQ,1MB + 6MB,47,2800 ? 3800,4/8,53.2,7049,5445,19147.5,1.67,7.02,148,647,9.93,146,38.25
80,Intel Core i7-4870HQ,1MB + 6MB,47,2500 ? 3700,4/8,53.1,6621.5,5300,19078.5,1.61,6.8,143,621,10.56,169.97,39.52
81,Intel Core i7-3920XM,1MB + 8MB,55,2900 ? 3800,4/8,52.8,6973,5078,19652.5,1.56,7.11,,,7.48,156.71,38
82,Intel Core i7-4800MQ,1MB + 6MB,47,2700 ? 3700,4/8,53.7,7265,5233,20089,1.63,7.21,142,663,7.72,160.11,41.5
83,Intel Core i7-2700K,1MB + 8MB,95,3500 ? 3900,4/8,49.6,6837,4967,19675,,7,,,7.15,147,37.5
84,Intel Core i7-4950HQ,1MB + 6MB,47,2400 ? 3600,4/8,37,,,,1.61,7.38,,,,,
85,Intel Core i7-4860HQ,1MB + 6MB,47,2400 ? 3600,4/8,2.9,,,,,6.9,,,,,
86,Intel Core i7-4720HQ,1MB + 6MB,47,2600 ? 3600,4/8,52.1,6930,5145,19580,1.57,7.03,138,642,7.33,152.35,37.8
87,Intel Core i7-3840QM,1MB + 8MB,45,2800 ? 3800,4/8,53.3,6998,5144.5,20135,1.59,7.08,,,7.39,157.79,38.17
88,Intel Core i7-4850HQ,1MB + 6MB,47,2300 ? 3500,4/8,49.4,,6640,22559,1.48,6.17,133,578,,,
89,Intel Core i7-4710HQ,1MB + 6MB,47,2500 ? 3500,4/8,51.4,6980.5,5008,19044,1.53,6.98,135,646,7.75,149.9,37.88
90,Intel Core i7-4710MQ,1MB + 6MB,47,2500 ? 3500,4/8,46.8,6830.5,4962.5,18961.5,1.54,6.98,135,645,,,
91,Intel Core i7-4770HQ,1MB + 6MB,47,2200 ? 3400,4/8,40.9,,,,1.47,6.87,132,635,,,
92,Intel Core i7-3820QM,1MB + 8MB,45,2700 ? 3700,4/8,52,6849,5008,19364,1.53,6.78,,,7.46,150.42,37.17
93,Intel Core i7-2600K,1MB + 8MB,95,3400 ? 3800,4/8,49.9,6669,4809,18608,1.51,6.76,129,613.5,10.5,145,36.5
Ранг,Модель,L2 Cache + L3 Cache,TDP (Вт),МГц (норм. - - Turbo),Ядра / потоки,"Потенциал, %",3DMark06 CPU,CB R10 32Bit Single,CB R10 32Bit Multi,Cinebench R11.5 CPU Single 64Bit,CB R11.5 64Bit,Cinebench R15 CPU Single 64Bit,Cinebench R15 CPU Multi 64Bit,wPrime 32,x264 Pass 1,x264 Pass 2
95,Intel Core i5-7440HQ,1MB + 6MB,45,2800 ? 3800,4/4,60.5,,,,,,158,554,10.16,182,36
96,Intel Core i7-3740QM,1MB + 6MB,45,2700 ? 3700,4/8,52.3,6837,4951,19798,1.53,6.96,,,7.58,153.81,38.64
98,Intel Core i7-3720QM,1MB + 6MB,45,2600 ? 3600,4/8,49.8,6642,4821,18879,1.47,6.73,126,610,7.85,146.7,36.98
99,Intel Core i7-4700HQ,1MB + 6MB,47,2400 ? 3400,4/8,50.1,6758.5,4895,18609,1.5,6.93,132,637,8.09,141,34
100,Intel Core i7-4700MQ,1MB + 6MB,47,2400 ? 3400,4/8,50.9,6872,4934,19019,1.51,6.89,132,631,8.37,148,38.7
101,Intel Core i7-4760HQ,1MB + 6MB,47,2100 ? 3300,4/8,33.5,,,,1.46,6.53,,,,,
102,Intel Core i7-4722HQ,1MB + 6MB,37,2400 ? 3400,4/8,,,,,,,,,,,
103,Intel Core i7-7567U,512KB + 4MB,28,3500 ? 4000,2/4,,,,,,,,,,,
104,Intel Xeon E3-1226 v3,1MB + 8MB,84,3300 ? 3700,4/4,61.2,,5335,18972,,,145,534,9.8,,
105,Intel Core i5-4590,1MB + 6MB,84,3300 ? 3700,4/4,47.4,,5479,18998,1.63,5.92,146,530,,,
106,Intel Core i7-2960XM,1MB + 8MB,55,2700 ? 3700,4/8,39.9,6820,4928,18300,,6.33,,,,,
107,Intel Core i5-3570K,1MB + 6MB,77,3400 ? 3800,4/4,52.9,6561,5286,18325,1.61,6,,,9.69,168,33.6
108,Intel Core i5-6500,1MB + 6MB,65,3200 ? 3600,4/4,54.1,6653,5746,19577,1.74,6.35,146.5,541.5,10.6,174.5,36.1
109,Intel Core i7-7600U,512KB + 4MB,15,2800 ? 3900,2/4,49,4648,6253,12679,1.85,3.87,156,343,13.27,127.1,23.4
110,Intel Core i7-7660U,512KB + 4MB,15,2500 ? 4000,2/4,50.6,5226.5,6169.5,13808.5,1.87,4.47,158.5,403.5,12.9,136.5,25.3
111,Intel Core i7-4712HQ,1MB + 6MB,37,2300 ? 3300,4/8,39.7,,4445,13918,1.43,5.76,121.5,517.5,,,
112,Intel Core i7-4712MQ,1MB + 6MB,37,2300 ? 3300,4/8,49.1,,4816.5,17929,1.47,6.46,130,597,8.39,142,36
113,Intel Core i7-4750HQ,1MB + 6MB,47,2000 ? 3200,4/8,48.4,6436,4723,18026,1.42,6.55,123,612,8.72,137.94,35.04
114,Intel Core i7-3635QM,1MB + 6MB,45,2400 ? 3400,4/8,49,6492,4660,17865,1.39,6.44,,,8.93,138.04,35.44
115,Intel Core i7-3630QM,1MB + 6MB,45,2400 ? 3400,4/8,49,6392,4654,18091,1.41,6.41,,,8.42,136.89,35.27
Ранг,Модель,L2 Cache + L3 Cache,TDP (Вт),МГц (норм. - - Turbo),Ядра / потоки,"Потенциал, %",3DMark06 CPU,CB R10 32Bit Single,CB R10 32Bit Multi,Cinebench R11.5 CPU Single 64Bit,CB R11.5 64Bit,Cinebench R15 CPU Single 64Bit,Cinebench R15 CPU Multi 64Bit,wPrime 32,x264 Pass 1,x264 Pass 2
116,Intel Core i5-3550,1MB + 6MB,77,3300 ? 3700,4/4,51.9,6405,5191,17762,1.56,5.81,,,9.98,163.8,32.7
117,Intel Core i7-4702HQ,1MB + 6MB,37,2200 ? 3200,4/8,41.9,5950,4585,16584,1.39,6.29,127,501,,,
118,Intel Core i7-4702MQ,1MB + 6MB,37,2200 ? 3200,4/8,47.5,6285,4656,17388,1.41,6.19,124,575,9.25,130.12,33.66
119,Intel Core i7-2860QM,1MB + 8MB,45,2500 ? 3600,4/8,45.9,6323,4576,16809.5,,5.88,,,7.8,131.7,32
120,Intel Core i7-2920XM,1MB + 8MB,55,2500 ? 3500,4/8,45.3,6131,4378.5,17187.5,,6.01,,,8.44,131.4,30.8
121,Intel Core i5-3470,1MB + 6MB,77,3200 ? 3600,4/4,43.9,6179,5006,17192,1.51,5.57,,,,,
122,Intel Core i7-3615QM,1MB + 6MB,45,2300 ? 3300,4/8,47.1,5574,4436,16980.5,1.34,5.53,,,8.45,137.5,34.42
123,Intel Core i7-3610QM,1MB + 6MB,45,2300 ? 3300,4/8,47.6,6078,4420,17230,1.36,6.2,,,8.72,134.94,34.27
124,AMD FX-8350,8MB + 8MB,125,4000 ? 4200,8/8,44.3,6648,3201,16904,1.1,6.89,97,636,8.34,138.75,43.5
126,Intel Core i5-2500K,1MB + 6MB,95,3300 ? 3700,4/4,46.5,5853,4773,15956,,5.38,122,470,11.67,,
127,Intel Core i5-6600T,1MB + 6MB,35,2700 ? 3500,4/4,50.8,6275.5,5354.5,17622.5,1.57,5.58,138,464.5,10.06,163.89,33.45
128,Intel Core i7-8650U,1MB + 8MB,15,1900,4/8,54.5,6936,6531,21455,2.01,7.24,176,589.5,,171.22,40.5
129,Intel Core i5-6440HQ,1MB + 6MB,45,2600 ? 3500,4/4,51,5997.5,5157,18238.5,1.59,5.85,145,513,11.08,160.5,34.5
131,Intel Core i5-7300HQ,1MB + 6MB,45,2500 ? 3500,4/4,51.1,6292,5436,18158,1.51,5.81,142.5,514,11.14,160.5,34
132,AMD Ryzen 3 1200,2MB + 8MB,65,3100 ? 3400,4/4,47.3,5419,4178,13961,1.53,5.5,135,480,12.5,160,33.34
133,Intel Core i5-4460,1MB + 6MB,84,3200 ? 3400,4/4,49.8,6350,4813,17098,1.52,5.46,136,496,11.47,164.64,33.59
134,Intel Core i7-3632QM,1MB + 6MB,35,2200 ? 3200,4/8,44.7,5681,4293.5,16117,1.32,5.82,113,521,9.86,125.39,31.89
135,Intel Core i5-6350HQ,1MB + 6MB,45,2300 ? 3200,4/4,,,,,,,,,,,
136,Intel Core i7-8550U,1MB + 8MB,15,1800 ? 4000,4/8,54.5,6670.5,6426,16836.5,1.81,6.06,167,555.5,10.28,146.22,33.15
137,AMD Ryzen 7 2700U,2MB + 4MB,15,2200,4/8,52.9,,,,,,144,719,,,
Ранг,Модель,L2 Cache + L3 Cache,TDP (Вт),МГц (норм. - - Turbo),Ядра / потоки,"Потенциал, %",3DMark06 CPU,CB R10 32Bit Single,CB R10 32Bit Multi,Cinebench R11.5 CPU Single 64Bit,CB R11.5 64Bit,Cinebench R15 CPU Single 64Bit,Cinebench R15 CPU Multi 64Bit,wPrime 32,x264 Pass 1,x264 Pass 2
138,Intel Core i5-6300HQ,1MB + 6MB,45,2300 ? 3200,4/4,48,5750,4851,16532.5,1.48,5.34,131,466,12.25,151.02,31.15
139,Intel Core i5-4430,1MB + 6MB,84,3000 ? 3200,4/4,42.7,,,,,,127,463,,,
140,Intel Core i7-2760QM,1MB + 6MB,45,2400 ? 3500,4/8,44.2,6000.5,4474,16211,,5.63,,,8.24,120.4,28
141,Intel Core i5-7287U,512KB + 4MB,28,3300 ? 3700,2/4,,,,,,,,,,,
142,Intel Core i7-7560U,512KB + 4MB,15,2400 ? 3800,2/4,46.3,,,,,,153,336,,,
143,Intel Core i5-8350U,1MB + 6MB,15,1700 ? 3600,4/8,49.6,,,,,,151,501,,,
145,Intel Core i5-7500T,1MB + 6MB,91,2700 ? 3300,4/4,49.9,,5002,13614,1.48,5.86,129,512,10.53,,
146,Intel Core i5-6500T,1MB + 6MB,35,2500 ? 3100,4/4,48,5832,4880,16462,1.45,5.36,128,466,11.56,153.49,32.32
147,Intel Core i5-2400,1MB + 6MB,95,3100 ? 3400,4/4,44.3,5715,4425,15344,,5.09,,,11.7,137,26.7
150,Intel Core i7-2820QM,1MB + 8MB,45,2300 ? 3400,4/8,46.7,5818.5,4249.5,15043.5,,5.48,,,10,,
151,Intel Core i7-3612QM,1MB + 6MB,35,2100 ? 3100,4/8,44.7,5466,4112.5,15678,1.27,5.62,,,9.58,123.76,31.1
152,Intel Core i5-8250U,1MB + 6MB,15,1600 ? 3400,4/8,50.6,6063.5,5541,17444,1.65,5.85,144,543,8.06,136.7,32
153,Intel Core i7-2720QM,1MB + 6MB,45,2200 ? 3300,4/8,46,5616,4167,14852,,5.29,,,13.12,,
154,Intel Core i7-2675QM,1MB + 6MB,45,2200 ? 3100,4/8,,,,,,,,,,,
155,Intel Core i7-2670QM,1MB + 6MB,45,2200 ? 3100,4/8,41.4,5400.5,3899.5,14842.5,,5.19,,,10.56,115.11,26.5
156,Intel Core i5-6400T,1MB + 6MB,35,2200 ? 2800,4/4,44.4,5161,4397,14798,1.35,4.82,119,420,12.88,139.2,28.07
157,Intel Core i7-6567U,512KB + 4MB,28,3300 ? 3600,2/4,47.5,,5506,12475,1.63,4.02,142,364,13.33,128.8,24.1
158,AMD Ryzen 5 2500U,2MB + 4MB,15,2000 ? 3600,4/8,49.8,,4103,14400,1.53,6.46,136.5,581.5,7.82,,
159,Intel Core i5-7360U,512KB + 4MB,15,2300 ? 3600,2/4,47.7,,5787,12293,1.7,3.9,142.5,354,14.8,121.1,22.1
160,Intel Core i5-7267U,512KB + 4MB,28,3100 ? 3500,2/4,44.4,4378,5010,11403,1.54,4.09,141,383,15.6,119.4,21.9
Ранг,Модель,L2 Cache + L3 Cache,TDP (Вт),МГц (норм. - - Turbo),Ядра / потоки,"Потенциал, %",3DMark06 CPU,CB R10 32Bit Single,CB R10 32Bit Multi,Cinebench R11.5 CPU Single 64Bit,CB R11.5 64Bit,Cinebench R15 CPU Single 64Bit,Cinebench R15 CPU Multi 64Bit,wPrime 32,x264 Pass 1,x264 Pass 2
161,Intel Core i7-7500U,512KB + 4MB,15,2700 ? 3500,2/4,45.9,4579,5647,11745.5,1.66,3.77,144,341,14,116.95,21.7
162,Intel Core i5-5350H,512KB + 4MB,47,3000 ? 3500,2/4,,,,,,,,,,,
163,Intel Core i5-7300U,512KB + 3MB,15,2600 ? 3500,2/4,46.2,4491.5,5524,12524,1.62,3.85,142.5,343,14.59,128.17,24.04
166,Intel Core i7-2635QM,1MB + 6MB,45,2000 ? 2900,4/8,43,4906,3699,13581,,4.68,,,15,,
167,Intel Core i7-2630QM,1MB + 6MB,45,2000 ? 2900,4/8,43.4,5039,3662,13833,,4.82,,,10.1,,
169,Intel Core i5-6287U,512KB + 4MB,28,3100 ? 3500,2/4,,,,,,,,,,,
170,Intel Core i7-5557U,512KB + 4MB,28,3100 ? 3400,2/4,36.2,4595,,,,,,,,,
171,Intel Core i7-4610M,512KB + 4MB,37,3000 ? 3700,2/4,,,,,,,,,,,
173,Intel Core i7-4600M,512KB + 4MB,37,2900 ? 3600,2/4,37.1,,,,1.5,3.35,132,310,,,
174,Intel Core i5-4340M,512KB + 3MB,37,2900 ? 3600,2/4,,,,,,,,,,,
175,Intel Core i5-5287U,512KB + 3MB,28,2900 ? 3300,2/4,,,,,,,,,,,
176,Intel Core i5-7260U,512KB + 4MB,15,2200 ? 3400,2/4,,,,,,,,,,,
177,Intel Core i5-6267U,512KB + 4MB,28,2900 ? 3300,2/4,43.4,4424.5,4984,10902,1.5,3.57,131,330,15.4,118.55,22.17
178,Intel Core i7-4578U,512KB + 4MB,28,3000 ? 3500,2/4,,,,,,,,,,,
179,Intel Core i5-4210H,512KB + 3MB,47,2900 ? 3500,2/4,42.7,4462,5019,11075,1.5,3.65,129,330,15.52,104.5,21.15
182,Intel Core i5-4330M,512KB + 3MB,37,2800 ? 3500,2/4,48.1,4362,4988,11324,1.51,3.66,,,18.19,,
183,Intel Core i7-3540M,512KB + 4MB,35,3000 ? 3700,2/4,43.3,4319.5,5029.5,10810.5,1.53,3.45,,,14.86,105.29,19.92
184,Intel Core i5-4200H,512KB + 3MB,47,2800 ? 3400,2/4,43.2,4361,5719,10739,1.46,3.53,129.5,323.5,15.77,103,20.45
185,Intel Core i7-4558U,512KB + 4MB,28,2800 ? 3300,2/4,42.4,4264,4793,10305,1.45,3.48,,,16.25,107.19,20.37
186,Intel Core i5-5257U,512KB + 3MB,28,2700 ? 3100,2/4,35.4,4190,4825,10674,1.42,3.42,124,316,,107.31,20.19
Ранг,Модель,L2 Cache + L3 Cache,TDP (Вт),МГц (норм. - - Turbo),Ядра / потоки,"Потенциал, %",3DMark06 CPU,CB R10 32Bit Single,CB R10 32Bit Multi,Cinebench R11.5 CPU Single 64Bit,CB R11.5 64Bit,Cinebench R15 CPU Single 64Bit,Cinebench R15 CPU Multi 64Bit,wPrime 32,x264 Pass 1,x264 Pass 2
187,Intel Core i5-4308U,512KB + 3MB,28,2800 ? 3300,2/4,,,,,,,,,,,
188,AMD A10-7850K,4MB,95,3700 ? 4000,4/4,36.6,4748,3216,10278,1.01,3.59,86,318,13.1,114,24.1
189,AMD A10-6800K,4MB,100,4100 ? 4400,4/4,38,4885,3428,10077,1.14,3.61,100,326,16.1,111,23.3
191,Intel Core i5-4310M,512KB + 3MB,37,2700 ? 3400,2/4,42.5,,4664,9622,1.48,3.58,128.5,326,15.61,105,20.7
192,Intel Core i7-6600U,512KB + 4MB,15,2600 ? 3400,2/4,44.2,4333.5,5298,11320,1.61,3.58,141,321,14.72,109,20
193,Intel Core i7-6650U,512KB + 4MB,15,2200 ? 3400,2/4,48.7,,5223,11564,1.51,3.8,132,342,14.87,,
194,Intel Core i7-6560U,512KB + 4MB,15,2200 ? 3200,2/4,44,,5054,11205,1.52,3.45,132,314,14.56,110,20.34
195,Intel Core i5-7200U,512KB + 3MB,15,2500 ? 3100,2/4,42.8,4348,4986,11318,1.46,3.65,128,327,15.52,113,21.57
196,Intel Core i5-4400E,512KB + 3MB,37,2700 ? 3300,2/4,,,,,,,,,,,
197,Intel Core i5-4300M,512KB + 3MB,37,2600 ? 3300,2/4,36.9,4147.5,4721,10388,1.39,3.37,126.5,313.5,,,
199,Intel Core i3-7100H,512KB + 3MB,35,3000,2/4,40.2,4231,4870,11172,,3.61,130,327.5,15.9,113.6,21.3
200,Intel Core i7-3520M,512KB + 4MB,35,2900 ? 3600,2/4,41.9,4134,4855,10467,1.46,3.36,,,15.43,98.58,18.86
201,Intel Core i7-6500U,512KB + 4MB,15,2500 ? 3100,2/4,42,4231,4886,10844,1.46,3.52,128,316,15.68,105,20.44
202,Intel Core i7-5600U,512KB + 4MB,15,2600 ? 3200,2/4,41.5,3827,4944,10263,1.51,3.25,130,297,15.53,99,18.34
203,Intel Core i7-5650U,512KB + 4MB,15,2200 ? 3200,2/4,40.9,3967,4980,10008,1.47,3.14,112,296,15.85,107.23,18.98
204,Intel Core i5-6360U,512KB + 4MB,15,2000 ? 3100,2/4,41.5,4099,4846,10525,1.41,3.38,125,309,18.4,108.6,20.6
205,Intel Core i5-4210M,512KB + 3MB,37,2600 ? 3200,2/4,40.1,3981.5,4583.5,10185.5,1.39,3.35,122,305.5,17.13,95.22,19.33
206,Intel Core i5-6300U,512KB + 3MB,15,2400 ? 3000,2/4,41,4050,4678.5,10573,1.4,3.4,122,307,16.18,107.48,20.18
207,Intel Core i5-4288U,512KB + 3MB,28,2600 ? 3100,2/4,,,,,,,,,,,
208,Intel Core i5-4278U,512KB + 3MB,28,2600 ? 3100,2/4,,,,,,,,,,,
Ранг,Модель,L2 Cache + L3 Cache,TDP (Вт),МГц (норм. - - Turbo),Ядра / потоки,"Потенциал, %",3DMark06 CPU,CB R10 32Bit Single,CB R10 32Bit Multi,Cinebench R11.5 CPU Single 64Bit,CB R11.5 64Bit,Cinebench R15 CPU Single 64Bit,Cinebench R15 CPU Multi 64Bit,wPrime 32,x264 Pass 1,x264 Pass 2
209,Intel Core i5-3380M,512KB + 3MB,35,2900 ? 3600,2/4,12.9,,,,,,,278,,,
210,Intel Core i5-3360M,512KB + 3MB,35,2800 ? 3500,2/4,36.7,3994.5,4692,10140.5,1.4,3.26,,,16.29,35.35,6.51
211,AMD A10-7700K,4MB,95,3400 ? 3800,4/4,35.2,4500,3004,9821,0.94,3.45,83,285,13.7,110,23.1
212,AMD A8-7650K,4MB,95,3300 ? 3800,4/4,34.9,4410,2904,9456,0.96,3.35,84,296,14.2,108,22.7
213,Intel Core i3-3220,+ 3MB,55,3300,2/4,40.9,4019,4626,10193,1.38,3.31,,,14.66,98.55,18.82
214,Intel Core i5-4200M,512KB + 3MB,37,2500 ? 3100,2/4,39.3,3882.5,4485,9962,1.35,3.24,118,297,17.3,94.51,18.84
215,Intel Core i5-3340M,512KB + 3MB,35,2700 ? 3400,2/4,31.3,,,,1.39,3.16,,,,,
216,Intel Core i7-2640M,512KB + 4MB,35,2800 ? 3500,2/4,39.6,3927,4443,9778,1.36,3.15,,,15.14,89.35,17
217,Intel Core i7-5500U,512KB + 4MB,15,2400 ? 3000,2/4,39.7,3826,4615,9791,1.41,3.16,121,289,16.76,94.6,17.8
218,Intel Core i7-5550U,512KB + 4MB,15,2000 ? 3000,2/4,29.8,,,,1.32,3.28,,,,,
219,Intel Core i5-6260U,512KB + 4MB,15,1800 ? 2900,2/4,39.6,3883,4481,9949,1.33,3.26,117,298,18,105,19.3
220,Intel Core i5-3320M,512KB + 3MB,35,2600 ? 3300,2/4,39.3,3767,4415.5,9550,1.33,3.06,,,17.36,90.94,17.52
221,Intel Core i5-4258U,512KB + 3MB,28,2400 ? 2900,2/4,38.5,3865,4571.5,10121,1.24,3.04,109.5,276,17.8,97.2,18.5
222,AMD A8-6600K,4MB,100,3900 ? 4200,4/4,36.9,4701,3230,8040,0.96,3.41,,,17.9,106,22.2
223,AMD A10-5800K,4MB,100,3800 ? 4200,4/4,37.2,4464,3093.5,9275.5,1.03,3.32,,,15.9,106.6,21.85
225,Intel Core i5-3230M,512KB + 3MB,35,2600 ? 3200,2/4,35.6,3760,4268,9159,1.25,2.97,105,258,17.83,59.96,11.45
226,AMD A8-5600K,4MB,100,3600 ? 3900,4/4,34.6,4295,2941,8838,0.98,3.2,87,292,16.7,102.44,20.93
227,Intel Core i7-2620M,512KB + 4MB,35,2700 ? 3400,2/4,41.1,3827,4333,9433,,3.06,,,16.18,,
228,Intel Core i7-4600U,512KB + 4MB,15,2100 ? 3300,2/4,38.8,3223,4668.5,8444,1.42,2.67,124,248,17.1,91.7,16.29
229,Intel Core i7-4650U,512KB + 4MB,15,1700 ? 3300,2/4,38.7,3249,4714.5,8620.5,1.4,2.65,123,256,18.09,89.08,16.01
Ранг,Модель,L2 Cache + L3 Cache,TDP (Вт),МГц (норм. - - Turbo),Ядра / потоки,"Потенциал, %",3DMark06 CPU,CB R10 32Bit Single,CB R10 32Bit Multi,Cinebench R11.5 CPU Single 64Bit,CB R11.5 64Bit,Cinebench R15 CPU Single 64Bit,Cinebench R15 CPU Multi 64Bit,wPrime 32,x264 Pass 1,x264 Pass 2
230,Intel Core i3-7167U,512KB + 3MB,28,2800,2/4,,,,,,,,,,,
231,Intel Core i5-6198DU,512KB + 3MB,15,2300 ? 2800,2/4,39.4,3769,4491,9954,1.34,3.22,117,290,17.98,102.3,19.1
232,Intel Core i5-6200U,512KB + 3MB,15,2300 ? 2800,2/4,39,3787,4383,9871.5,1.32,3.2,115,289,17.75,100,19
233,Intel Core i3-7130U,512KB + 3MB,15,2700,2/4,,,,,,,,,,,
234,Intel Core i3-6167U,512KB + 3MB,28,2700,2/4,,,,,,,,,,,
235,Intel Core i3-6100H,512KB + 3MB,35,2700,2/4,33.7,3829,4380,9989,1.3,3.22,108,292,,,
236,Intel Core i5-5300U,512KB + 3MB,15,2300 ? 2900,2/4,38.3,3665,4429,9312,1.35,3,117,270,18.13,87.95,16.62
237,Intel Core i7-3687U,512KB + 4MB,17,2100 ? 3300,2/4,,,,,,,,,,,
238,Intel Core i5-5350U,512KB + 3MB,15,1800 ? 2900,2/4,31.8,,,,1.24,2.98,116,277,,,
239,AMD A8-3850,4MB,100,2900,4/4,37,4027,2649,9534,,3.42,,,14.2,,
240,Intel Core i7-4510U,512KB + 4MB,15,2000 ? 3100,2/4,38.1,3341.5,4486,8931,1.35,2.79,119,248,17,88.76,16.39
241,Intel Core i5-3210M,512KB + 3MB,35,2500 ? 3100,2/4,37.7,3553,4168.5,8936,1.25,2.87,,,18.56,86.56,16.4
246,Intel Core i5-2540M,512KB + 3MB,35,2600 ? 3300,2/4,43,3682,4171,9109,1.28,2.96,,,17.22,,
247,Intel Core i7-3667U,512KB + 4MB,17,2000 ? 3200,2/4,38.1,3594.5,4215,8809.5,1.32,2.92,,,17.8,87.01,15.43
248,Intel Core i7-4500U,512KB + 4MB,15,1800 ? 3000,2/4,37.7,3494,4343,8700,1.31,2.75,116,260,19.61,90.6,16.39
249,Intel Core i7-4550U,512KB + 4MB,15,1500 ? 3000,2/4,31.5,3443,4395,8715,1.33,2.78,118,253,,90.77,15.91
251,Intel Core i5-4310U,512KB + 3MB,15,2000 ? 3000,2/4,39.3,3463,5897,8960,1.28,2.9,110,263,19.4,86.8,16.9
252,Intel Core i5-4360U,512KB + 3MB,15,1500 ? 3000,2/4,,,,,,,,,,,
253,Intel Core i7-3537U,512KB + 4MB,17,2000 ? 3100,2/4,40.2,3645,4271,9000,1.27,2.88,104,247,18.42,,
254,Intel Pentium G4500T,512KB + 4MB,35,3000,2/2,38.1,3583,4828,9206,1.19,2.82,118,245,21.7,91.3,17
Ранг,Модель,L2 Cache + L3 Cache,TDP (Вт),МГц (норм. - - Turbo),Ядра / потоки,"Потенциал, %",3DMark06 CPU,CB R10 32Bit Single,CB R10 32Bit Multi,Cinebench R11.5 CPU Single 64Bit,CB R11.5 64Bit,Cinebench R15 CPU Single 64Bit,Cinebench R15 CPU Multi 64Bit,wPrime 32,x264 Pass 1,x264 Pass 2
255,Intel Core i5-5200U,512KB + 3MB,15,2200 ? 2700,2/4,36.4,3361,4135.5,8641,1.24,2.82,108,259,18.25,85.3,16.1
256,Intel Core i5-5250U,512KB + 3MB,15,1600 ? 2700,2/4,36.2,3393,4104,8721,1.16,2.79,108,261,19.5,88.46,16.46
257,Intel Core i7-7Y75,512KB + 4MB,5,1300 ? 3600,2/4,40.8,3309,5496,9392,1.54,2.98,125.5,247,17.39,91.15,15.99
258,Intel Core i5-4300U,512KB + 3MB,15,1900 ? 2900,2/4,35.8,3242,4070,8601,1.23,2.77,108,253,19.17,80.13,14.9
259,Intel Core i5-4350U,512KB + 3MB,15,1400 ? 2900,2/4,,,,,,,,,,,
260,AMD FX-9830P,2MB,25,3000 ? 3700,4/4,38.5,,3033,9822,1.1,3.64,93,301,10.27,,
261,AMD PRO A12-9830B,2MB,25,3000 ? 3700,4/4,,,,,,,,,,,
262,Intel Core i5-2520M,512KB + 3MB,35,2500 ? 3200,2/4,39.5,3541.5,4040.5,8814.5,,2.86,,,18,,
263,Intel Core i3-5157U,512KB + 3MB,28,2500,2/4,28.4,,,,1.16,2.44,98,259,,,
264,Intel Core i5-7Y54,512KB + 4MB,5,1200 ? 3200,2/4,35.7,2941,4392,7551,1.27,2.45,112,221,16.75,73,13
265,Intel Core i5-7Y57,512KB + 4MB,5,1200 ? 3300,2/4,35.8,3698,5132,9888,1.52,3,133,273,,106.93,17.24
266,Intel Core i3-6157U,512KB + 3MB,28,2400,2/4,,,,,,,,,,,
267,Intel Core i3-7100U,512KB + 3MB,15,2400,2/4,38.5,,3874,8757.5,1.03,2.85,90,257,20.25,,
268,Apple A11 Bionic,,,,6/6,,,,,,,,,,,
269,Apple A10X Fusion,,,2390,4/2,,,,,,,,,,,
270,Intel Core i3-6100U,512KB + 3MB,15,2300,2/4,34.3,3241.5,3714,8426,1.11,2.75,97,247,23.51,83.5,15.97
271,Intel Core i3-4110M,512KB + 3MB,37,2600,2/4,,,,,,,,,,,
272,AMD FX-9800P,2MB,15,2700 ? 3600,4/4,37.3,,,,0.91,2.86,74,236,14.4,,
273,AMD PRO A12-9800B,2MB,15,2700 ? 3600,4/4,30.3,3249,2592.5,7055.5,0.88,2.59,76,225.5,13.8,77,16.5
274,Intel Core i5-2450M,512KB + 3MB,35,2500 ? 3100,2/4,36.2,3441.5,3918.5,8542,1.2,2.76,,,19.04,78.63,14.61
Ранг,Модель,L2 Cache + L3 Cache,TDP (Вт),МГц (норм. - - Turbo),Ядра / потоки,"Потенциал, %",3DMark06 CPU,CB R10 32Bit Single,CB R10 32Bit Multi,Cinebench R11.5 CPU Single 64Bit,CB R11.5 64Bit,Cinebench R15 CPU Single 64Bit,Cinebench R15 CPU Multi 64Bit,wPrime 32,x264 Pass 1,x264 Pass 2
275,Intel Core i7-3517U,512KB + 4MB,17,1900 ? 3000,2/4,36.8,3430,4024.5,8596.5,1.22,2.78,,,18.8,82.99,15.91
278,Intel Core i3-4100M,512KB + 3MB,37,2500,2/4,,,,,,,,,,,
280,Intel Core i5-2435M,512KB + 3MB,35,2400 ? 3000,2/4,,,,,,,,,,,
281,Intel Core i5-2430M,512KB + 3MB,35,2400 ? 3000,2/4,33.2,3310.5,3787,8222,,2.66,,,18.89,76.5,14.71
282,Intel Pentium 4415U,512KB + 2MB,15,2300,2/4,33.6,3249,3587,8169,1.01,2.71,94,239.5,20.86,85.7,16
283,Intel Core i3-4000M,512KB + 3MB,37,2400,2/4,33.4,3098,3581,8042,1.06,2.6,95,240,20,79.1,15.15
284,Intel Core i3-4100E,512KB + 3MB,37,2400,2/4,,,,,,,,,,,
285,Intel Core i3-3130M,512KB + 3MB,35,2600,2/4,,,,,,,,,,,
286,Intel Core i5-2415M,512KB + 3MB,35,2300 ? 2900,2/4,36.9,2887,3666,7444,,2.42,,,19,,
287,Intel Core i5-2410M,512KB + 3MB,35,2300 ? 2900,2/4,32.7,3219,3663,7962.5,,2.58,,,19.1,76.3,14.3
288,Intel Core i5-3437U,512KB + 3MB,17,1900 ? 2900,2/4,35.1,3398,3972,8269,1.19,2.68,101,224,20.41,80.45,15.19
289,Intel Core m3-7Y32,512KB + 4MB,5,1000 ? 3000,2/4,36.3,,,,,,120,265,,,
292,AMD A12-9720P,2MB,15,2700 ? 3600,4/4,34.2,,2743,7361,0.94,2.65,72.5,234.5,13.01,,
293,AMD A12-9700P,2MB,15,2500 ? 3400,4/4,23,3498,2429,6168,0.85,2.27,79,225.5,,84.64,16.66
294,AMD FX-8800P,2MB,12,2100 ? 3400,4/4,33.2,4227,2604,7860,0.96,3.36,82,277,12.02,93.47,21.07
295,AMD Pro A12-8800B,2MB,12,2100 ? 3400,4/4,29,2769,2236,6219.5,0.91,2.52,72,206,16.49,75.85,15.85
296,Intel Core i5-4210U,512KB + 3MB,15,1700 ? 2700,2/4,34.6,3200,3843,7799,1.16,2.55,102,237,21.23,79.75,15.15
297,Intel Core i5-4260U,512KB + 3MB,15,1400 ? 2700,2/4,30.4,3222,3951,7913,1.2,2.63,105,239,,,
298,AMD A10-9620P,2MB,15,2500 ? 3400,4/4,29.9,,2277,7420,0.81,2.66,72,230,14.41,76.6,16.3
299,Intel Core i3-3120M,512KB + 3MB,35,2500,2/4,37.2,3057,3428,6867,0.96,2.45,,,22.02,,
Ранг,Модель,L2 Cache + L3 Cache,TDP (Вт),МГц (норм. - - Turbo),Ядра / потоки,"Потенциал, %",3DMark06 CPU,CB R10 32Bit Single,CB R10 32Bit Multi,Cinebench R11.5 CPU Single 64Bit,CB R11.5 64Bit,Cinebench R15 CPU Single 64Bit,Cinebench R15 CPU Multi 64Bit,wPrime 32,x264 Pass 1,x264 Pass 2
300,Intel Core i5-3427U,512KB + 3MB,17,1800 ? 2800,2/4,35.2,3179.5,3722.5,7900,1.13,2.51,,,19.85,80.66,14.91
301,Intel Core i5-4402E,512KB + 3MB,25,1600 ? 2700,2/4,,,,,,,,,,,
302,Intel Core m7-6Y75,512KB + 4MB,5,1200 ? 3100,2/4,33.9,2730,3854,6302,1.08,2.47,102,205,19,89,15.5
303,Intel Core m3-7Y30,512KB + 4MB,5,1000 ? 2600,2/4,36.1,3406.5,4086,8638.5,1.24,2.76,105,250,20.15,85.3,15.57
304,Intel Pentium G860,256KB + 3MB,65,3000,2/2,35,3065,3964,7695,1.2,2.34,,,23.6,70.31,12.69
306,Intel Core i5-4200U,512KB + 3MB,15,1600 ? 2600,2/4,33.8,3053,3725,7636,1.12,2.48,99,229,22.72,77.49,14.54
307,Intel Core i5-4250U,512KB + 3MB,15,1300 ? 2600,2/4,34.6,3024,3679.5,7692.5,1.12,2.47,,,21.87,77.81,14.57
308,Intel Core i3-5020U,512KB + 3MB,15,2200,2/4,,,,,,,,,,,
309,AMD A10-9600P,2MB,15,2400 ? 3300,4/4,30.4,3287,2447,6508,0.9,2.6,76,216,15.3,85.44,16.34
310,Intel Core i3-3110M,512KB + 3MB,35,2400,2/4,34.2,2988,3346,7353,0.98,2.38,81.5,209,22.07,,
313,AMD FX-7600P,4MB,35,2700 ? 3600,4/4,30.6,3569,2555,7418,0.85,2.46,75,228,16.4,81.5,17.6
314,Intel Pentium 4405U,512KB + 2MB,15,2100,2/4,,,,,,,,,,,
316,Intel Core i7-2649M,512KB + 4MB,25,2300 ? 3200,2/4,,,,,,,,,,,
319,Intel Core i3-5010U,512KB + 3MB,15,2100,2/4,31,2828.5,3114,7222,0.95,2.4,85,219,23.2,73.9,13.6
320,Intel Core i3-5015U,512KB + 3MB,15,2100,2/4,31,2866,3272,6975,0.97,2.34,85,214,23.45,68.9,13.4
321,Intel Core i3-6006U,512KB + 3MB,15,2000,2/4,32.2,,3231.5,7376,0.96,2.39,84,217,24.3,74.5,14.1
322,Intel Core i3-2370M,512KB + 3MB,35,2400,2/4,36.2,2869.5,3135,7064,0.95,2.29,,,22.53,,
324,Intel Core i3-5005U,512KB + 3MB,15,2000,2/4,30.4,2713,3133,6927,0.95,2.28,82,208,24.41,69.7,12.96
325,Intel Core i3-2350M,512KB + 3MB,35,2300,2/4,29.6,2755,3026.5,6789.5,0.91,2.2,79,196,24.02,65.3,12.1
326,Intel Core i3-2348M,512KB + 3MB,35,2300,2/4,21,2829,,,0.9,2.18,,,,,
Ранг,Модель,L2 Cache + L3 Cache,TDP (Вт),МГц (норм. - - Turbo),Ядра / потоки,"Потенциал, %",3DMark06 CPU,CB R10 32Bit Single,CB R10 32Bit Multi,Cinebench R11.5 CPU Single 64Bit,CB R11.5 64Bit,Cinebench R15 CPU Single 64Bit,Cinebench R15 CPU Multi 64Bit,wPrime 32,x264 Pass 1,x264 Pass 2
328,Intel Core i5-3337U,512KB + 3MB,17,1800 ? 2700,2/4,33.3,3145,3659,7678,1.09,2.48,95,222,22.24,76.55,14.16
329,Intel Core m5-6Y57,512KB + 4MB,5,1100 ? 2800,2/4,33.7,2596,3849,6428,1.13,1.98,101,180,21.9,92.55,11.72
330,Intel Core m5-6Y54,512KB + 4MB,5,1100 ? 2700,2/4,33,2935,3962,6898.5,1.1,2.39,103,222.5,26.08,62.59,11.12
331,AMD A10-8700P,2MB,12,1800 ? 3200,4/4,28.7,2977.5,2334,6394,0.86,2.34,69,194,17.19,73.67,15.15
332,AMD Pro A10-8700B,2MB,12,1800 ? 3200,4/4,26.3,2798,2200,5907,0.82,2.29,70,192,30.7,45.4,9.07
336,Intel Core i7-4610Y,512KB + 4MB,12,1700 ? 2900,2/4,34.4,2735,4140,6762,1.24,2.15,107,192,19.65,72.53,12.38
339,Intel Core i7-2629M,512KB + 4MB,25,2100 ? 3000,2/4,,,,,,,,,,,
342,Intel Core i7-2677M,512KB + 4MB,17,1800 ? 2900,2/4,36.1,2729,3614,6672,,2.13,,,19.6,,
343,AMD A10-7400P,4MB,35,2500 ? 3400,4/4,,,,,,,,,,,
344,Intel Pentium 3560M,512KB + 2MB,37,2400,2/2,,,,,,,,,,,
345,Intel Core i3-2330M,512KB + 3MB,35,2200,2/4,33.7,2627,2888,6465.5,,2.12,,,25.11,,
346,Intel Core i3-2328M,512KB + 3MB,35,2200,2/4,30.2,2697,2880,6475,0.88,2.1,,,25.16,62.16,11.76
347,Intel Pentium 2030M,512KB + 2MB,35,2500,2/2,,,,,,,,,,,
348,Intel Pentium 3550M,512KB + 2MB,37,2300,2/2,,,,,,,,,,,
353,Intel Core i5-3317U,512KB + 3MB,17,1700 ? 2600,2/4,33.5,2984.5,3487.5,7337,1.05,2.38,,,22.39,73.67,13.69
354,AMD A8-8600P,2MB,12,1600 ? 3000,4/4,,,,,,,,,,,
355,AMD Pro A8-8600B,2MB,12,1600 ? 3000,4/4,28.1,,2111,5885,0.81,2.18,69,181,18.78,67.5,13.5
356,AMD A8-7200P,4MB,35,2400 ? 3300,4/4,,,,,,,,,,,
361,AMD A10-5750M,4MB,35,2500 ? 3500,4/4,29.6,3238,2579,6451,0.85,2.31,75,207.5,22.5,76,15
362,AMD A10-5757M,4MB,35,2500 ? 3500,4/4,27,2986,2182,3774,0.88,2.23,,,28.7,39.24,7.64
Ранг,Модель,L2 Cache + L3 Cache,TDP (Вт),МГц (норм. - - Turbo),Ядра / потоки,"Потенциал, %",3DMark06 CPU,CB R10 32Bit Single,CB R10 32Bit Multi,Cinebench R11.5 CPU Single 64Bit,CB R11.5 64Bit,Cinebench R15 CPU Single 64Bit,Cinebench R15 CPU Multi 64Bit,wPrime 32,x264 Pass 1,x264 Pass 2
363,Intel Core i7-2637M,512KB + 4MB,17,1700 ? 2800,2/4,32.3,2834,3600,7074,1.09,2.23,93,201,21.7,69.5,12.1
366,Intel Core i7-2657M,512KB + 4MB,17,1600 ? 2700,2/4,20.1,2546,3491,6229,,1.91,,,,,
367,Intel Core i7-3689Y,512KB + 4MB,13,1500 ? 2600,2/4,,,,,,,,,,,
368,Intel Pentium 2020M,512KB + 2MB,35,2400,2/2,30.9,2449,3299,6312,0.98,1.92,,,31.53,61.29,11
370,Intel Core i3-4158U,512KB + 3MB,28,2000,2/4,29.3,2690.5,2974,6393,0.89,2.16,77,194,26.77,67.5,12.7
371,Intel Pentium 3825U,512KB + 2MB,15,1900,2/4,29,2594,2951,6537,0.9,2.13,77,190,25.41,62.5,11.95
372,Intel Core i3-4120U,512KB + 3MB,15,2000,2/4,,,,,,,,,,,
374,Intel Celeron 2970M,512KB + 2MB,37,2200,2/2,29.6,2489,3222,6248,0.96,1.88,85,164,33.5,62.5,11.7
375,Intel Core i5-4300Y,512KB + 3MB,12,1600 ? 2300,2/4,26.6,1871,2982,4663,0.82,1.45,77,133,28.6,49.5,8.37
376,Intel Core i5-4302Y,512KB + 3MB,12,1600 ? 2300,2/4,23.6,,3310,6448,0.95,1.98,65,185,,,
377,Intel Pentium B980,512KB + 2MB,35,2400,2/2,29.8,2462.5,3109,5878.5,0.94,1.83,,,32.93,55,10.01
378,Intel Core i3-4030U,512KB + 3MB,15,1900,2/4,28,2519.5,2808,6285,0.8,2.03,70,191,26.46,64.8,12.1
379,Intel Core i3-4025U,512KB + 3MB,15,1900,2/4,,,,,,,,,,,
380,Intel Core M-5Y71,512KB + 4MB,5,1200 ? 2900,2/4,33.1,2503,3778,6518,1.14,2.09,96,187,17.81,85.13,11.47
381,AMD A10-4600M,4MB,35,2300 ? 3200,4/4,26.1,2865.5,2078,5696,0.7,2.01,63,185,26.49,57.54,13.1
382,AMD A10-4657M,4MB,35,2300 ? 3200,4/4,,,,,,,,,,,
383,Intel Core i3-2312M,512KB + 3MB,35,2100,2/4,,,,,,,,,,,
384,Intel Core i3-2310M,512KB + 3MB,35,2100,2/4,33.7,2517,2762,6190.5,0.84,2.01,,,25.8,,
385,Intel Core i3-2308M,512KB + 3MB,35,2100,2/4,,,,,,,,,,,
386,Intel Core i5-2557M,512KB + 3MB,17,1700 ? 2700,2/4,35.4,2750,3419,6533.5,,2.22,,,23.66,,
Ранг,Модель,L2 Cache + L3 Cache,TDP (Вт),МГц (норм. - - Turbo),Ядра / потоки,"Потенциал, %",3DMark06 CPU,CB R10 32Bit Single,CB R10 32Bit Multi,Cinebench R11.5 CPU Single 64Bit,CB R11.5 64Bit,Cinebench R15 CPU Single 64Bit,Cinebench R15 CPU Multi 64Bit,wPrime 32,x264 Pass 1,x264 Pass 2
387,AMD A10-5745M,4MB,25,2100 ? 2900,4/4,25.9,2745,2065,5480,0.69,1.92,63.5,177,34.97,62.1,12.7
388,AMD A8-5550M,4MB,35,2100 ? 3100,4/4,27.6,2795,2321,5844,0.78,2.05,68,188,26.02,70.59,13.49
389,AMD A8-5557M,4MB,35,2100 ? 3100,4/4,28.1,2747,2115,5259,0.78,1.91,,,26.82,62.5,12.4
390,Intel Core m3-6Y30,512KB + 4MB,5,900 ? 2200,2/4,31.4,2780,3387.5,7157.5,0.99,2.28,86,205,24.1,72.9,13.3
391,Intel Core M-5Y51,512KB + 4MB,5,1100 ? 2600,2/4,28.6,2127,3190,5291,0.96,1.65,84,152,25.94,54.87,9.19
392,Intel Core M-5Y70,512KB + 4MB,5,1100 ? 2600,2/4,32.8,2386,3741,6375,1.1,2.09,91,182,19.35,91.38,11.61
393,AMD FX-7500,4MB,19,2100 ? 3300,4/4,25.8,2770.5,2060,5482,0.65,1.72,55,153,23.32,68.5,13.9
394,AMD A10 Pro-7350B,4MB,19,2100 ? 3300,4/4,25.5,2525,2003.5,5275.5,0.68,1.83,55,162,23.29,68.13,12.08
395,Intel Celeron 1020E,512KB + 2MB,35,2200,2/2,,,,,,,,,,,
396,Intel Core M-5Y31,512KB + 4MB,5,900 ? 2400,2/4,24.9,2589,3395.5,6563,1.09,2.2,98,208,,71.98,9.52
397,Intel Core M-5Y10c,512KB + 4MB,5,800 ? 2000,2/4,21,,2726,3804,0.91,1.78,66,164,,,
398,Intel Core M-5Y10a,512KB + 4MB,5,800 ? 2000,2/4,27,,3131,,0.94,2.01,83,190,,,
400,Intel Core M-5Y10,512KB + 4MB,5,800 ? 2000,2/4,28.2,1987,3102,5217,0.95,1.71,81,155,30.92,55.6,9.6
401,HiSilicon Kirin 970,,,2400,8/8,,,,,,,,,,,
402,HiSilicon Kirin 960,,,2400,8/8,,,,,,,,,,,
404,Intel Core i7-2617M,512KB + 4MB,17,1500 ? 2600,2/4,35.2,2762,3315,6690,,2.11,,,24.09,,
405,Intel Core i5-3439Y,512KB + 3MB,13,1500 ? 2300,2/4,,,,,,,,,,,
406,AMD A9-9420,,10,3000 ? 3600,2/2,33.6,,2875,4841,0.99,1.64,81,134,21.29,,
407,Intel Core i5-4202Y,512KB + 3MB,12,1600 ? 2000,2/4,27.7,2071.5,2920,5686,0.87,1.84,74,169,32.96,59.46,10.95
408,Intel Core i5-4220Y,512KB + 3MB,12,1600 ? 2000,2/4,,,,,,,,,,,
Ранг,Модель,L2 Cache + L3 Cache,TDP (Вт),МГц (норм. - - Turbo),Ядра / потоки,"Потенциал, %",3DMark06 CPU,CB R10 32Bit Single,CB R10 32Bit Multi,Cinebench R11.5 CPU Single 64Bit,CB R11.5 64Bit,Cinebench R15 CPU Single 64Bit,Cinebench R15 CPU Multi 64Bit,wPrime 32,x264 Pass 1,x264 Pass 2
411,Intel Core i3-4100U,512KB + 3MB,15,1800,2/4,,,,,,,,,,,
412,Intel Core i3-3227U,512KB + 3MB,17,1900,2/4,28.1,2413,2570.5,5805.5,0.74,1.85,,,29.06,59.57,10.85
413,AMD A6-6400K,4MB,65,3900 ? 4100,2/2,21.3,2654,3067.5,5079,0.83,1.66,88,149,,56.9,11.2
414,AMD A9-9410,,10,2900 ? 3500,2/2,26.4,2455,2694,4619,0.82,1.59,63,130,23.96,53.5,10.13
415,Intel Core i5-4210Y,512KB + 3MB,12,1500 ? 1900,2/4,26.8,2039,2764,5399,0.83,1.58,72.5,147,31.41,56.08,9.88
416,Intel Core i5-2467M,512KB + 3MB,17,1600 ? 2300,2/4,32.9,2414,2848,5921,,1.92,,,27.15,,
417,Intel Core i5-3339Y,512KB + 3MB,13,1500 ? 2000,2/4,25.2,2440,2676,5516,0.84,1.81,71,163,29.8,19.29,3.55
418,Intel Core i3-4010U,512KB + 3MB,15,1700,2/4,29,2279.5,2469,5584,0.76,1.83,67,170.5,32.6,,
419,Intel Core i3-4005U,512KB + 3MB,15,1700,2/4,26.5,2211,2514,5706,0.76,1.85,68,172,29.2,57.64,10.94
420,Intel Core i3-3217U,512KB + 3MB,17,1800,2/4,25.9,2229,2476.5,5393.5,0.75,1.78,63.5,152,30.76,56.2,10.25
421,Apple A9X,,,2260,2/2,,,,,,,,,,,
422,AMD A10-7300,4MB,19,1900 ? 3200,4/4,25.3,2518,1992,5192,0.67,1.8,58,158,23.79,62.05,11.93
423,AMD A8 Pro-7150B,4MB,19,1900 ? 3200,4/4,,,,,,,,,,,
424,Intel Pentium 4405Y,512KB + 2MB,6,1500,2/4,,,,,,,,,,,
430,Intel Core i5-4200Y,512KB + 3MB,12,1400 ? 1900,2/4,,,,,,,,,,,
431,Intel Pentium B970,512KB + 2MB,35,2300,2/2,33.4,2328,2954,5697,0.84,1.75,,,35.77,,
432,Intel Celeron 3765U,512KB + 2MB,15,1900,2/2,,,,,,,,,,,
433,Intel Pentium N4200,2MB,6,1100 ? 2500,4/4,24.6,2636,1671.5,5216.5,0.65,2.09,52.5,165,22.58,60,12.02
434,Intel Celeron 2950M,512KB + 2MB,37,2000,2/2,,,,,,,,,,,
435,AMD A8-7410,2MB,12,2200 ? 2500,4/4,24,2936,1917,4665,0.61,1.87,52,174,27,45.52,9.69
Ранг,Модель,L2 Cache + L3 Cache,TDP (Вт),МГц (норм. - - Turbo),Ядра / потоки,"Потенциал, %",3DMark06 CPU,CB R10 32Bit Single,CB R10 32Bit Multi,Cinebench R11.5 CPU Single 64Bit,CB R11.5 64Bit,Cinebench R15 CPU Single 64Bit,Cinebench R15 CPU Multi 64Bit,wPrime 32,x264 Pass 1,x264 Pass 2
436,AMD A8-7100,4MB,19,1800 ? 3000,4/4,22.2,2225,1379,4134,0.55,1.76,44,133,33.23,55.95,11.05
437,Intel Core i3-4102E,512KB + 3MB,25,1600,2/4,,,,,,,,,,,
438,Intel Core i3-4030Y,512KB + 3MB,12,1600,2/4,,,,,,,,,,,
439,Qualcomm Snapdragon 835 (8998),,,2450,8/8,,,,,,,,,,,
440,Samsung Exynos 8895 Octa,,,2300,8/8,,,,,,,,,,,
441,Samsung Exynos 8890 Octa,,,2600,8/8,,,,,,,,,,,
442,HiSilicon Kirin 955,,,2500,8/8,,,,,,,,,,,
443,AMD A8-3550MX,4MB,45,2000 ? 2700,4/4,,,,,,,,,,,
445,AMD A4-5300,2MB,65,3400 ? 3600,2/2,26.3,2284,2734,4345,0.91,1.45,67,107,35.5,50,9.62
448,Intel Celeron 1020M,512KB + 2MB,35,2100,2/2,,,,,,,,,,,
450,Intel Pentium B960,512KB + 2MB,35,2200,2/2,28.3,2231,2851,5500,0.86,1.68,,,33.48,51.7,9.24
451,Intel Pentium 3805U,512KB + 2MB,15,1900,2/2,0.7,,,,,1.77,,,,,
456,Intel Core i3-4020Y,512KB + 3MB,12,1500,2/4,24.3,,1621,4749.5,0.65,1.59,60,152,35.31,52.2,9.6
457,Intel Core i3-4012Y,512KB + 3MB,12,1500,2/4,22.8,1375,2173,4967,0.67,1.38,60,150,41.53,35.66,6.13
460,AMD A8-6410,2MB,15,2000 ? 2400,4/4,24.5,2866,1886.5,5871.5,0.6,2.04,49,165,24.3,54.4,11.8
461,AMD A6-7310,2MB,12,2000 ? 2400,4/4,14.9,,1800.5,5074.5,0.58,1.99,44.5,139,,53.1,11.6
462,AMD A6-6310,2MB,15,1800 ? 2400,4/4,23.8,2730,1829,5612,0.57,1.94,47,157,26.64,52.2,11.1
463,Intel Celeron 3755U,512KB + 2MB,15,1700,2/2,,,,,,,,,,,
464,Intel Celeron 3215U,512KB + 2MB,15,1700,2/2,,,,,,,,,,,
469,Intel Pentium B950,512KB + 2MB,35,2100,2/2,26.4,2145,2730,5255,,1.63,,,34.3,50,8.9
Ранг,Модель,L2 Cache + L3 Cache,TDP (Вт),МГц (норм. - - Turbo),Ядра / потоки,"Потенциал, %",3DMark06 CPU,CB R10 32Bit Single,CB R10 32Bit Multi,Cinebench R11.5 CPU Single 64Bit,CB R11.5 64Bit,Cinebench R15 CPU Single 64Bit,Cinebench R15 CPU Multi 64Bit,wPrime 32,x264 Pass 1,x264 Pass 2
473,AMD A8-3530MX,4MB,45,1900 ? 2600,4/4,,,,,,,,,,,
475,Intel Core i5-2537M,512KB + 3MB,17,1400 ? 2300,2/4,34,2400,2814,5903,0.9,1.67,,,24.9,,
481,AMD A8-3510MX,4MB,45,1800 ? 2500,4/4,12.4,,,6158,,,,,,,
482,Intel Pentium 2127U,512KB + 2MB,17,1900,2/2,26.9,2027,2625,5016,0.79,1.51,,,39.64,49.15,8.85
483,Intel Pentium B940,512KB + 2MB,35,2000,2/2,15.5,2034,2609.5,5066.5,,1.56,,,,,
484,Intel Celeron 1005M,512KB + 2MB,35,1900,2/2,,,,,,,,,,,
485,HiSilicon Kirin 950,,,2300,8/8,,,,,,,,,,,
486,Intel Celeron N3450,2MB,6,1100 ? 2200,4/4,22.8,2576,1415,3959,0.53,1.87,44.5,143,22.31,58.2,12
487,AMD A4-7210,2MB,12,1800 ? 2200,4/4,23.5,2681,1732,5593,0.56,1.95,46,157,26.94,51.3,10.9
488,AMD A6-3430MX,4MB,45,1700 ? 2400,4/4,,,,,,,,,,,
489,Intel Pentium 3558U,512KB + 2MB,15,1700,2/2,24.9,1926,2510,4852,0.74,1.45,67,129,46.24,48.9,9.08
490,AMD A6-9220,1MB,10,2500 ? 2900,2/2,25.4,2253,2432,3941,0.8,1.38,69,114,27.71,46.5,8.7
491,Intel Pentium 3556U,512KB + 2MB,15,1700,2/2,24.9,1939,2515,4854,0.75,1.43,65.5,125.5,46.23,49.2,9.1
492,Intel Pentium 2117U,512KB + 2MB,17,1800,2/2,26.9,1884.5,2364.5,4425,0.74,1.39,58,120,40.42,,
493,Intel Celeron 1000M,512KB + 2MB,35,1800,2/2,26,1923,2480,4757,0.74,1.46,,,41.63,47.23,8.49
494,Intel Celeron 1037U,512KB + 2MB,17,1800,2/2,26.1,1903,2500,4824,0.75,1.47,,,41.48,46.82,8.5
495,Intel Celeron 2981U,512KB + 2MB,15,1600,2/2,,,,,,,,,,,
496,Intel Celeron 2980U,512KB + 2MB,15,1600,2/2,,,,,,,,,,,
497,Apple A10 Fusion,,,2340,4/2,,,,,,,,,,,
501,AMD A8-3520M,4MB,35,1600 ? 2500,4/4,28.9,2483,1757,5676,0.51,2.01,,,22.43,,
Ранг,Модель,L2 Cache + L3 Cache,TDP (Вт),МГц (норм. - - Turbo),Ядра / потоки,"Потенциал, %",3DMark06 CPU,CB R10 32Bit Single,CB R10 32Bit Multi,Cinebench R11.5 CPU Single 64Bit,CB R11.5 64Bit,Cinebench R15 CPU Single 64Bit,Cinebench R15 CPU Multi 64Bit,wPrime 32,x264 Pass 1,x264 Pass 2
502,AMD A6-9210,,10,2400 ? 2800,2/2,,,,,,,,,,,
503,AMD A10-4655M,4MB,25,2000 ? 2800,4/4,26.2,2160.5,1137,4530,0.52,1.65,,,40,,
504,AMD A8-4500M,4MB,35,1900 ? 2800,4/4,26.3,2438,1820.5,4872,0.71,1.71,,,31.45,58.39,10.84
505,AMD A8-4557M,4MB,35,1900 ? 2800,4/4,,,,,,,,,,,
508,AMD A6-3410MX,4MB,45,1600 ? 2300,4/4,29.9,2414,1707,5568,,2.02,,,22.15,,
509,AMD A8-3500M,4MB,35,1500 ? 2400,4/4,29.1,2255.5,1586,5170,,1.88,,,24.09,,
510,AMD A6-3420M,4MB,35,1500 ? 2400,4/4,25.7,2305,1673,5399,,1.95,,,23.63,59.68,11.27
516,AMD A8-5545M,4MB,19,1700 ? 2700,4/4,,,,,,,,,,,
517,AMD A6-3400M,4MB,35,1400 ? 2300,4/4,28.5,2135,1512,4922,,1.78,,,26,,
540,AMD A8-4555M,4MB,19,1600 ? 2400,4/4,20.8,1876.5,1555,3757,0.44,1.23,,,40.21,20.9,4.21
546,Intel Celeron B840,+ 2MB,35,1900,2/2,,,,,,,,,,,
549,AMD A6-5350M,1MB,35,2900 ? 3500,2/2,24.1,1649,2480.5,3956,0.75,1.24,63.5,117.5,40.86,43.38,8.23
550,AMD A6-5357M,1MB,35,2900 ? 3500,2/2,,,,,,,,,,,
551,Intel Pentium N3540,2MB,8,2160 ? 2660,4/4,22.7,,1363.5,4752,0.5,1.9,42,156.5,21.92,54.34,11.12
552,AMD A6-5200,2MB,25,2000,4/4,22.9,2659.5,1598,5600,0.52,1.9,42,155,26.1,51.7,11.4
553,Intel Pentium N3710,2MB,6,1600 ? 2560,4/4,22.1,2473.5,1323.5,4653,0.49,1.64,41,145.5,23.26,52.79,10.65
554,Intel Atom x7-Z8750,2MB,,1600 ? 2560,4/4,27.7,2426,,,,,38.9,133,24.7,48,10
559,Intel Celeron B830,+ 2MB,35,1800,2/2,,,,,,,,,,,
566,AMD A4-3330MX,2MB,45,2200 ? 2600,2/2,,,,,,,,,,,
567,AMD A4-5150M,1MB,35,2700 ? 3300,2/2,23.2,1881,2446,3589,0.7,1.18,54,105,43,42,8
Ранг,Модель,L2 Cache + L3 Cache,TDP (Вт),МГц (норм. - - Turbo),Ядра / потоки,"Потенциал, %",3DMark06 CPU,CB R10 32Bit Single,CB R10 32Bit Multi,Cinebench R11.5 CPU Single 64Bit,CB R11.5 64Bit,Cinebench R15 CPU Single 64Bit,Cinebench R15 CPU Multi 64Bit,wPrime 32,x264 Pass 1,x264 Pass 2
568,AMD A6-4400M,1MB,35,2700 ? 3200,2,24.9,1804,2292,3407,0.8,1.13,,,46.82,38.79,7.59
569,Intel Pentium J2900,2MB,10,2410 ? 2667,4/4,,,,,,,,,,,
570,AMD A4-4300M,1MB,35,2500 ? 3000,2,22.1,1684,1996.5,3144,0.68,1.04,60,93,50.38,36,7.08
571,Qualcomm Snapdragon 821 MSM8996 Pro,1.5MB,,2400,4/4,,,,,,,,,,,
572,Samsung Exynos 7420 Octa,,,2100,8/8,,,,,,,,,,,
573,Qualcomm Snapdragon 820 MSM8996,1.5MB,,2200,4/4,,,,,,,,,,,
574,Nvidia Tegra X1,2.5MB,,2000,8/8,,,,,,,,,,,
575,Intel Pentium N3530,2MB,8,2160 ? 2580,4/4,22.1,,1312.5,4450,0.47,1.82,39,130.5,23.6,53.76,10.86
576,Intel Celeron 1017U,512KB + 2MB,17,1600,2/2,24,1719,2201,4155,0.61,1.3,,,46.39,41.9,7.57
577,Intel Celeron 3205U,512KB + 2MB,15,1500,2/2,,,,,,,,,,,
578,Intel Celeron B820,512KB + 2MB,35,1700,2/2,,,,,,,,,,,
579,Intel Pentium N3700,2MB,6,1600 ? 2400,4/4,20.8,2174.5,1200,3148,0.45,1.71,37,141,23.09,49.74,10.04
582,Intel Pentium J2850,2MB,10,2400,4/4,,,,,,,,,,,
583,Intel Pentium N3520,2MB,8,2167 ? 2420,4/4,21.2,2320,1252,4327.5,0.44,1.76,38,144,28,50.93,10.16
584,Intel Celeron J1900,2MB,10,2000 ? 2420,4/4,,,,,,,,,,,
585,Apple A9,,,1800,2/2,,,,,,,,,,,
586,Intel Atom x7-Z8700,2MB,,1600 ? 2400,4/4,20.8,,1114,3116,0.41,1.26,37.5,116,24.51,50.82,10.28
587,Intel Core i3-4010Y,512KB + 3MB,12,1300,2/4,,,,,,,,,,,
588,AMD E2-9010,,10,2000 ? 2200,2/2,,,,,,,,,,,
589,AMD E2-7110,2MB,12,1800,4/4,21.4,2407,1429,4974,0.45,1.78,37,140,29.2,46.45,10.8
Ранг,Модель,L2 Cache + L3 Cache,TDP (Вт),МГц (норм. - - Turbo),Ядра / потоки,"Потенциал, %",3DMark06 CPU,CB R10 32Bit Single,CB R10 32Bit Multi,Cinebench R11.5 CPU Single 64Bit,CB R11.5 64Bit,Cinebench R15 CPU Single 64Bit,Cinebench R15 CPU Multi 64Bit,wPrime 32,x264 Pass 1,x264 Pass 2
590,AMD A4-6210,2MB,15,1800,4/4,21.1,2398,1373.5,4284.5,0.46,1.75,37.5,134.5,34.05,46.74,9.99
591,AMD A6-8500P,1MB,15,1600 ? 3000,2/2,,,,,,,,,,,
592,AMD Pro A6-8500B,1MB,15,1600 ? 3000,2/2,,,,,,,,,,,
593,Qualcomm Snapdragon 810 MSM8994,,,2000,8/8,,,,,,,,,,,
594,Mediatek Helio P25,,,2600,8/8,,,,,,,,,,,
595,Qualcomm Snapdragon 652 MSM8976,,,1800,8/8,,,,,,,,,,,
596,Qualcomm Snapdragon 808 MSM8992,,,2000,6/6,,,,,,,,,,,
597,Qualcomm Snapdragon 650 MSM8956,,,1800,6/6,,,,,,,,,,,
598,Intel Atom x5-Z8550,2MB,,1440 ? 2400,4/4,12.2,,,,,,36,134,,,
599,Intel Atom Z3795,2MB,0,1590 ? 2390,4/4,20.3,2145.5,1234,3715,0.44,1.63,37,131,27.16,42.14,8.31
600,Intel Atom Z3785,2MB,0,1490 ? 2410,4/4,,,,,,,,,,,
601,Intel Atom Z3775,2MB,0,1460 ? 2390,4/4,22.5,2195,1144,4014,0.4,1.49,,,25.47,47,9.5
602,Intel Atom Z3775D,2MB,0,1490 ? 2410,4/4,,,,,,,,,,,
603,Intel Atom Z3770,2MB,0,1460 ? 2400,4/4,26.3,2212,1189,3961,,,,,26.55,40.49,7.65
604,Intel Atom Z3770D,2MB,0,1500 ? 2410,4/4,,,,,,,,,,,
605,Intel Atom x5-Z8500,2MB,,1440 ? 2240,4/4,11.2,1991,1166,3563,0.43,1.32,35.5,106.5,,36.57,7.22
606,Intel Celeron N2940,2MB,8,1830 ? 2250,4/4,20.3,2191,1150,3958,0.42,1.6,35.5,110.5,29.2,46.92,9.36
607,Intel Celeron N3160,2MB,6,1600 ? 2240,4/4,,,,,,,,,,,
608,Intel Celeron 2957U,512KB + 2MB,15,1400,2/2,23.1,,2077,4043,0.62,1.2,55,105,53.49,41.27,7.57
609,Intel Celeron 2955U,512KB + 2MB,15,1400,2/2,23.3,1520,2069,4000,0.61,1.14,,,53.18,40.7,7.52
Ранг,Модель,L2 Cache + L3 Cache,TDP (Вт),МГц (норм. - - Turbo),Ядра / потоки,"Потенциал, %",3DMark06 CPU,CB R10 32Bit Single,CB R10 32Bit Multi,Cinebench R11.5 CPU Single 64Bit,CB R11.5 64Bit,Cinebench R15 CPU Single 64Bit,Cinebench R15 CPU Multi 64Bit,wPrime 32,x264 Pass 1,x264 Pass 2
610,Intel Celeron N3350,2MB,6,1100 ? 2400,2/2,20.4,1624,1710,2589,0.6,1.09,46,85,43.85,32.5,6.2
611,Intel Celeron 1007U,512KB + 2MB,17,1500,2/2,13.7,1610,,,0.63,1.21,,,,,
612,Intel Celeron N3150,2MB,6,1600 ? 2080,4/4,19.7,2053,1085,3624,0.41,1.46,32,118,30.11,44.8,8.96
613,Intel Celeron N2930,2MB,8,1830 ? 2160,4/4,20.3,2214,1131.5,3880,0.41,1.57,35,129,27.25,46.95,9.3
615,Intel Celeron J1850,2MB,10,2000,4/4,,,,,,,,,,,
616,Intel Pentium N3510,2MB,8,2000,4/4,21.4,2003.5,1040,3669.5,0.38,1.48,33,123,30,,
618,Intel Celeron B815,+ 2MB,35,1600,2/2,35.1,1645,2093,4029,,,,,44.3,,
619,Intel Celeron B810,+ 2MB,35,1600,2/2,28.2,1633,2091,4079,,1.24,,,44.75,,
623,Intel Celeron N2920,2MB,8,1860 ? 2000,4/4,19.1,1860.5,1030,3530,0.38,1.43,32.5,118.5,31.99,42.07,8.36
630,Intel Core i3-3229Y,512KB + 3MB,13,1400,2/4,22.8,1556,1869.5,3739.5,0.5,1.23,,,41.19,42.99,7.91
643,Intel Core i3-2377M,512KB + 3MB,17,1500,2/4,27.6,1808,1850,4248,0.56,1.44,,,35.99,,
644,Intel Core i3-2375M,512KB + 3MB,17,1500,2/4,25.3,,1978,4432,0.56,1.43,,,37.11,43.9,7.98
648,Intel Core i3-2367M,512KB + 3MB,17,1400,2/4,23.1,1689,1826.5,4107.5,0.55,1.34,,,39.19,40.45,7.42
649,Intel Core i3-2365M,512KB + 3MB,17,1400,2/4,27.3,1659,1826,4044,0.56,1.34,,,36.7,,
650,AMD A4-5100,2MB,15,1550,4/4,,,,,,,,,,,
651,AMD A4-5050,2MB,14,1550,4/4,,,,,,,,,,,
653,AMD A4-5000,2MB,15,1500,4/4,19.6,2038.5,1206.5,4165,0.39,1.48,33,119,38.2,41.31,8.72
654,AMD E2-6110,2MB,15,1500,4/4,,,,,,,,,,,
655,Intel Atom E3845,2MB,10,1910,4/4,,,,,,,,,,,
658,Apple A8X,2MB + 4MB,,1500,3/3,,,,,,,,,,,
Ранг,Модель,L2 Cache + L3 Cache,TDP (Вт),МГц (норм. - - Turbo),Ядра / потоки,"Потенциал, %",3DMark06 CPU,CB R10 32Bit Single,CB R10 32Bit Multi,Cinebench R11.5 CPU Single 64Bit,CB R11.5 64Bit,Cinebench R15 CPU Single 64Bit,Cinebench R15 CPU Multi 64Bit,wPrime 32,x264 Pass 1,x264 Pass 2
659,Nvidia Tegra K1 (Denver),2MB,,2300,2/2,,,,,,,,,,,
660,Mediatek MT8176,,,2100,6/6,,,,,,,,,,,
661,Mediatek MT8173,,,2400,4/4,,,,,,,,,,,
662,Mediatek MT8173C,,,2100,4/4,,,,,,,,,,,
665,AMD A10 Micro-6700T,2MB,5,1200 ? 2200,4/4,12.4,,,,0.55,1.49,,,,,
666,AMD A4-3310MX,2MB,45,2100 ? 2500,2/2,46.1,,,,,1.22,,,41.5,,
667,AMD A4-3320M,2MB,35,2000 ? 2600,2/2,,,,,,,,,,,
668,Mediatek MT6595 Turbo,2MB,,2500,8/8,,,,,,,,,,,
669,Samsung Exynos 5433 Octa,,,1900,8/8,,,,,,,,,,,
670,Apple A8,1MB + 4MB,,1400,2/2,,,,,,,,,,,
671,Nvidia Tegra K1,2MB,,2300,4/4,,,,,,,,,,,
672,Qualcomm Snapdragon 805 APQ8084,2MB,,2700,4/4,,,,,,,,,,,
673,Intel Atom Z3580,2MB,,2330,4/4,,,,,,,,,,,
674,Intel Atom Z3736F,2MB,0,1330 ? 2160,4/4,26.1,,962,2867,,,,,38.01,35.6,6.77
675,Intel Atom Z3736G,2MB,0,1330 ? 2160,4/4,,,,,,,,,,,
676,Intel Atom x5-Z8350,2MB,,1440 ? 1920,4/4,20.9,,929.5,2986.5,0.36,1.18,28.5,95,36.2,,
677,Intel Atom x5-Z8300,2MB,,1440 ? 1840,4/4,17.8,1691,942,2934,0.35,1.17,27,94,36.4,35.7,6.98
682,Intel Pentium 997,512KB + 2MB,17,1600,2/2,,,,,,,,,,,
683,Intel Atom Z3745,2MB,0,1330 ? 1860,4/4,9.6,,941,3229,,,,,,,
684,Intel Atom Z3745D,2MB,0,1330 ? 1830,4/4,10.1,,972,3389,,,,,,38.09,7.26
Ранг,Модель,L2 Cache + L3 Cache,TDP (Вт),МГц (норм. - - Turbo),Ядра / потоки,"Потенциал, %",3DMark06 CPU,CB R10 32Bit Single,CB R10 32Bit Multi,Cinebench R11.5 CPU Single 64Bit,CB R11.5 64Bit,Cinebench R15 CPU Single 64Bit,Cinebench R15 CPU Multi 64Bit,wPrime 32,x264 Pass 1,x264 Pass 2
685,Intel Atom Z3740,2MB,0,1330 ? 1860,4/4,32.1,1838,963,3380,,,,,29,,
686,Intel Atom Z3740D,2MB,0,1330 ? 1830,4/4,24.3,1827,963,3222.5,,,,,31.92,31.85,7.8
687,Intel Atom Z3735D,2MB,0,1330 ? 1830,4/4,25.7,,851,2726,,,,,37.16,35.1,6.78
688,Intel Atom Z3735E,2MB,0,1330 ? 1830,4/4,,,,,,,,,,,
689,Intel Atom Z3735F,2MB,0,1330 ? 1830,4/4,19.2,1164,945,2885.5,0.31,0.87,,,35.66,35.9,6.83
690,Intel Atom Z3735G,2MB,0,1330 ? 1830,4/4,23.4,1526,946,2891,,,,,37.53,31.8,6.55
692,Intel Celeron 1047UE,512KB + 2MB,17,1400,2/2,,,,,,,,,,,
693,AMD E2-3800,2MB,15,1300,4/4,20.3,,2295,3575,0.32,1.28,28,103,42.64,35.8,7.5
694,AMD E2-3000M,1MB,35,1800 ? 2400,2/2,13.8,,1597,3014,,,,,,,
696,Intel Pentium 987,512KB + 2MB,17,1500,2/2,32.1,1487,,,0.59,1.13,,,48,,
697,Intel Celeron 887,512KB + 2MB,17,1500,2/2,26.7,1414,1877,3597,0.58,1.14,,,48,,
698,Intel Celeron B800,512KB + 2MB,35,1500,2/2,34,1534,1910,3779,,,,,47,,
699,Intel Core i3-2357M,512KB + 3MB,17,1300,2/4,26.8,1575,1645,3808,,1.16,,,42.34,,
700,AMD E2-9000,,10,1800 ? 2200,2/2,20.8,1556,1787,2897,0.59,1.01,47,84,36.23,35.7,6.3
701,AMD A4-3300M,2MB,35,1900 ? 2500,2/2,27,1556,1741.5,3417,,1.12,,,40.2,,
703,AMD A4-3305M,1MB,35,1900 ? 2500,2/2,26.8,1613.5,1812,3394.5,0.56,1.12,,,40.28,,
710,AMD A6 Pro-7050B,1MB,17,2200 ? 3000,2/2,20.4,1468,1820,2930,0.57,0.98,49.5,81.5,47.99,32.84,6.31
711,AMD A6-7000,1MB,17,2200 ? 3000,2/2,,,,,,,,,,,
715,AMD A6-5345M,1MB,17,2200 ? 2800,2/2,,,,,,,,,,,
717,Intel Celeron J1800,1MB,10,2410 ? 2580,2/2,,,,,,,,,,,
Ранг,Модель,L2 Cache + L3 Cache,TDP (Вт),МГц (норм. - - Turbo),Ядра / потоки,"Потенциал, %",3DMark06 CPU,CB R10 32Bit Single,CB R10 32Bit Multi,Cinebench R11.5 CPU Single 64Bit,CB R11.5 64Bit,Cinebench R15 CPU Single 64Bit,Cinebench R15 CPU Multi 64Bit,wPrime 32,x264 Pass 1,x264 Pass 2
728,Intel Celeron N2840,1MB,8,2160 ? 2580,2/2,11,1510,1331,2533,0.44,0.89,38,76,,,
729,Intel Celeron J1750,1MB,10,2410,2/2,,,,,,,,,,,
730,Intel Celeron N3060,2MB,6,1600 ? 2480,2/2,18.9,,1241.5,2326.5,0.44,0.83,38,71,43.13,28.4,5.45
733,Intel Celeron N2910,2MB,8,1600,4/4,8.8,1612,844,2907,0.3,1.14,27,97,,,
734,AMD A6-1450,2MB,8,1000 ? 1400,4/4,18.9,1439,1064,2860.5,0.34,1.03,,,59.98,29.13,6.04
736,AMD A4 Micro-6400T,2MB,5,1000 ? 1600,4/4,18.6,1664,1251,3380,0.41,1.16,34,95,46.27,33.5,6.9
752,Qualcomm Snapdragon 630,,,2200,8/8,,,,,,,,,,,
753,Qualcomm Snapdragon 626,,,2200,8/8,,,,,,,,,,,
754,Qualcomm Snapdragon 801 MSM8974AC,2MB,,2450,4/4,,,,,,,,,,,
755,AMD A6-4455M,2MB,17,2100 ? 2600,2,21.3,1358.5,1689,2601,0.62,0.86,,,61.8,30.66,5.73
756,AMD A4-5145M,1MB,17,2000 ? 2600,2/2,,,,,,,,,,,
757,AMD A4-4355M,2MB,17,1900 ? 2400,2,24.6,1239,1690,2318,0.52,0.72,,,63.5,,
758,Samsung Exynos 5430 Octa,512KB,,1800,8/8,,,,,,,,,,,
759,Mediatek MT6595,2MB,,2200,8/8,,,,,,,,,,,
760,Intel Celeron N2830,1MB,8,2160 ? 2410,2/2,10.3,,1184.5,2239.5,0.43,0.82,38,67,,,
761,Qualcomm Snapdragon 801 APQ8074AB,2MB,,2360,4/4,,,,,,,,,,,
762,Qualcomm Snapdragon 801 MSM8974AB,2MB,,2360,4/4,,,,,,,,,,,
763,Intel Celeron N2820,1MB,8,2170 ? 2390,2/2,17.6,,1061,2010,0.36,0.69,32.5,58.5,48.5,26.5,5.8
764,Intel Celeron N3050,2MB,6,1600 ? 2160,2/2,17,1243,1099,2064,0.41,0.79,34,62.5,55.2,25.52,4.74
765,Intel Celeron N2815,1MB,8,1860 ? 2133,2/2,17.2,,1068,2038,0.36,0.69,32.5,55.5,57.75,24.1,4.53
Ранг,Модель,L2 Cache + L3 Cache,TDP (Вт),МГц (норм. - - Turbo),Ядра / потоки,"Потенциал, %",3DMark06 CPU,CB R10 32Bit Single,CB R10 32Bit Multi,Cinebench R11.5 CPU Single 64Bit,CB R11.5 64Bit,Cinebench R15 CPU Single 64Bit,Cinebench R15 CPU Multi 64Bit,wPrime 32,x264 Pass 1,x264 Pass 2
766,Intel Celeron N3000,2MB,4,1040 ? 2080,2/2,,,,,,,,,,,
767,Intel Celeron N2810,1MB,8,2000,2/2,15.9,1043,993,1474,0.37,0.72,31,59,63.36,22.83,4.26
768,Nvidia Tegra 4,,,1800,4/4,,,,,,,,,,,
769,Intel Atom Z3680,1MB,0,1330 ? 2000,2/2,,,,,,,,,,,
770,Intel Atom Z3680D,1MB,0,1330 ? 2000,2/2,,,,,,,,,,,
791,Mediatek MT6595M,2MB,,2000,8/8,,,,,,,,,,,
792,VIA Nano QuadCore L4700,4MB,28,1200 ? 1460,4/4,12.7,1615,,,,,,,,,
793,Intel Pentium 3561Y,512KB + 2MB,12,1200,2/2,,,,,,,,,,,
794,Intel Pentium 3560Y,512KB + 2MB,12,1200,2/2,0.4,,,,,1.02,,,,,
795,Intel Celeron 2961Y,512KB + 2MB,12,1100,2/2,,,,,,,,,,,
796,Intel Pentium 2129Y,512KB + 2MB,10,1100,2/2,18.9,,1502,2860,0.45,0.88,39,72,71.52,29.27,5.15
797,Qualcomm Snapdragon 801 MSM8974AA,2MB,,2260,4/4,,,,,,,,,,,
798,Qualcomm Snapdragon 625,,,2000,8/8,,,,,,,,,,,
799,HiSilicon Kirin 925,,,1800,8/8,,,,,,,,,,,
800,Qualcomm Snapdragon 800 MSM8974,2MB,,2300,4/4,,,,,,,,,,,
802,Mediatek Helio P20 (LP4) MT6757,,,2300,8/8,,,,,,,,,,,
803,Samsung Exynos 5420 Octa,512KB,,1800,8/8,,,,,,,,,,,
804,HiSilicon Kirin 920,,,1700,8/8,,,,,,,,,,,
809,Samsung Exynos 7880,,,1900,8/8,,,,,,,,,,,
810,HiSilicon Kirin 935,,,2200,8/8,,,,,,,,,,,
Ранг,Модель,L2 Cache + L3 Cache,TDP (Вт),МГц (норм. - - Turbo),Ядра / потоки,"Потенциал, %",3DMark06 CPU,CB R10 32Bit Single,CB R10 32Bit Multi,Cinebench R11.5 CPU Single 64Bit,CB R11.5 64Bit,Cinebench R15 CPU Single 64Bit,Cinebench R15 CPU Multi 64Bit,wPrime 32,x264 Pass 1,x264 Pass 2
811,HiSilicon Kirin 659,,,2360,8/8,,,,,,,,,,,
812,HiSilicon Kirin 658,,,2350,8/8,,,,,,,,,,,
813,Mediatek Helio X10 MT6795,,,2200,8/8,,,,,,,,,,,
814,Mediatek Helio X20 MT6797,,,2300,10/10,,,,,,,,,,,
815,Samsung Exynos 7870 Octa,,,1600,8/8,,,,,,,,,,,
816,HiSilicon Kirin 655,,,2100,8/8,,,,,,,,,,,
817,HiSilicon Kirin 650,,,2000,8/8,,,,,,,,,,,
818,HiSilicon Kirin 930,,,2000,8/8,,,,,,,,,,,
819,Mediatek Helio P10 MT6755,,,2000,8/8,,,,,,,,,,,
820,Intel Pentium 977,512KB + 2MB,17,1400,2/2,31.3,1435,,,0.56,1.08,,,56,,
821,Intel Celeron 877,512KB + 2MB,17,1400,2/2,0.4,,,,,1.07,,,,,
822,Apple A7,1MB + 4MB,,1300,2/2,,,,,,,,,,,
823,Intel Atom Z3570,2MB,,2000,4/4,,,,,,,,,,,
831,Intel Pentium 967,512KB + 2MB,17,1300,2/2,25.4,1319,1640,3038,,0.95,,,58.63,,
832,Intel Celeron 867,512KB + 2MB,17,1300,2/2,,,,,,,,,,,
833,Intel Atom Z3560,2MB,,1830,4/4,,,,,,,,,,,
834,AMD E2-3000,1MB,15,1650,2/2,,,,,,,,,,,
836,Intel Pentium 957,512KB + 2MB,17,1200,2/2,,,,,,,,,,,
837,AMD E1-7010,1MB,10,1500,2/2,,,,,,,,,,,
838,Samsung Exynos 5410 Octa,512KB,,1600,8/8,,,,,,,,,,,
Ранг,Модель,L2 Cache + L3 Cache,TDP (Вт),МГц (норм. - - Turbo),Ядра / потоки,"Потенциал, %",3DMark06 CPU,CB R10 32Bit Single,CB R10 32Bit Multi,Cinebench R11.5 CPU Single 64Bit,CB R11.5 64Bit,Cinebench R15 CPU Single 64Bit,Cinebench R15 CPU Multi 64Bit,wPrime 32,x264 Pass 1,x264 Pass 2
839,Intel Atom Z3480,1MB,,2133,2/2,,,,,,,,,,,
840,Intel Atom x3-C3440,1MB,,1200 ? 1400,4/4,,,,,,,,,,,
843,Intel Celeron B730,256KB + 1.5MB,35,1800,1/2,,,,,,,,,,,
845,Samsung Exynos 5260 Hexa,,,1700,6/6,,,,,,,,,,,
851,Samsung Exynos 5410 Octa,512KB,,1600,8/8,,,,,,,,,,,
854,Intel Celeron 1019Y,512KB + 2MB,10,1000,2/2,,,,,,,,,,,
858,Mediatek MT8135,,,1700,4/4,,,,,,,,,,,
862,AMD E1-2500,1MB,15,1400,2/2,15.2,1021,1052,2016,0.34,0.61,27,44,79.61,20.44,4
863,AMD E1 Micro-6200T,1MB,4,1000 ? 1400,2/2,,,,,,,,,,,
864,AMD E1-6010,1MB,10,1350,2/2,14.5,927,1005.5,1783.5,0.33,0.59,25,49,95.8,18.78,3.75
867,Intel Atom Z3530,2MB,,1330,4/4,,,,,,,,,,,
868,Intel Celeron 847,512KB + 2MB,17,1100,2/2,22,992.5,1269.5,2407.5,0.41,0.65,,,80.36,,
870,Intel Celeron 807,256KB + 1.5MB,17,1500,1/2,,,,,,,,,,,
873,Intel Celeron B720,+ 1.5MB,35,1700,1/1,,,,,,,,,,,
874,Samsung Exynos 5250 Dual,1MB,,1700,2/2,,,,,,,,,,,
875,Mediatek MT8752,,,1700,8/8,,,,,,,,,,,
876,Mediatek MT6752,,,1700,8/8,,,,,,,,,,,
877,Samsung Exynos 7580 Octa,,,1600,8/8,,,,,,,,,,,
878,Qualcomm Snapdragon 617 MSM8952,,,1500,8/8,,,,,,,,,,,
879,Qualcomm Snapdragon 616 MSM8939v2,,,1700,8/8,,,,,,,,,,,
Ранг,Модель,L2 Cache + L3 Cache,TDP (Вт),МГц (норм. - - Turbo),Ядра / потоки,"Потенциал, %",3DMark06 CPU,CB R10 32Bit Single,CB R10 32Bit Multi,Cinebench R11.5 CPU Single 64Bit,CB R11.5 64Bit,Cinebench R15 CPU Single 64Bit,Cinebench R15 CPU Multi 64Bit,wPrime 32,x264 Pass 1,x264 Pass 2
880,Qualcomm Snapdragon 615 MSM8939,,,1700,8/8,,,,,,,,,,,
881,Intel Atom D2700,1MB,10,2130,2/4,4.7,1148,,,,0.72,,,,,
889,Rockchip RK3288,,,1800,4/4,,,,,,,,,,,
890,Mediatek MT6753,,,1500,8/8,,,,,,,,,,,
891,Mediatek MT6750,,,1500,8/8,,,,,,,,,,,
894,AMD E2-2000,1MB,18,1750,2/2,,,,,,,,,,,
895,Intel Celeron N2808,1MB,4,1580 ? 2250,2/2,,,,,,,,,,,
896,Qualcomm Snapdragon 610 MSM8936,,,1700,4/4,,,,,,,,,,,
897,MediaTek MT8163 V/A 1.5 GHz,,,1500,4/4,,,,,,,,,,,
898,Mediatek MT6592,1MB,,1700,8/8,,,,,,,,,,,
899,Qualcomm Snapdragon 600 APQ8064T,2MB,,1700,4/4,,,,,,,,,,,
900,Samsung Exynos 7578,,,1500,4/4,,,,,,,,,,,
901,HiSilicon Kirin 910T,,,1800,4/4,,,,,,,,,,,
902,MediaTek MT8163 V/B 1.3 GHz,,,1300,4/4,,,,,,,,,,,
903,MediaTek MT8161,,,1300,4/4,,,,,,,,,,,
904,Intel Atom x3-C3230RK,,,1100,4/4,,,,,,,,,,,
905,Qualcomm Snapdragon 435,,,1400,8/8,,,,,,,,,,,
906,Qualcomm Snapdragon 430,,,1400,8/8,,,,,,,,,,,
907,Qualcomm Snapdragon 415 MSM8929,,,1400,8/8,,,,,,,,,,,
908,AMD E2-1800,1MB,18,1700,2/2,17.3,1082.5,1110,2121,0.33,0.64,,,69.05,18.34,3.26
Ранг,Модель,L2 Cache + L3 Cache,TDP (Вт),МГц (норм. - - Turbo),Ядра / потоки,"Потенциал, %",3DMark06 CPU,CB R10 32Bit Single,CB R10 32Bit Multi,Cinebench R11.5 CPU Single 64Bit,CB R11.5 64Bit,Cinebench R15 CPU Single 64Bit,Cinebench R15 CPU Multi 64Bit,wPrime 32,x264 Pass 1,x264 Pass 2
909,AMD E-450,1MB,18,1650,2/2,17.1,1034.5,1062.5,2020.5,0.32,0.62,,,64.5,16.17,2.89
910,AMD E-350,1MB,18,1600,2/2,22.5,1021,1048.5,2005,,0.61,,,68.8,,
911,AMD A4-1350,2MB,8,1000,4/4,,,,,,,,,,,
912,Intel Celeron 927UE,256KB + 1MB,17,1500,1/1,,,,,,,,,,,
913,Intel Celeron N2807,1MB,4,1580 ? 2160,2/2,16.4,,986,2093,0.26,0.54,35,65,57.36,17.01,3.15
917,Intel Celeron N2806,1MB,5,1580 ? 2000,2/2,6.4,1195,,,,0.64,26,58,,,
918,Intel Atom E3827,1MB,8,1750,2/2,,,,,,,,,,,
919,Intel Atom N2850,1MB,6,2000,2/4,,,,,,,,,,,
920,Intel Atom Z3460,1MB,,1600,2/2,,,,,,,,,,,
926,Qualcomm Snapdragon S4 Pro APQ8064A,2MB,,1500,4/4,,,,,,,,,,,
927,Mediatek MT8732,,,1500,4/4,,,,,,,,,,,
928,Mediatek MT8165,,,1500,4/4,,,,,,,,,,,
929,Mediatek MT6732,,,1500,4/4,,,,,,,,,,,
930,Mediatek MT6735,,,1500,4/4,,,,,,,,,,,
931,Qualcomm Snapdragon 425,,,1400,4/4,,,,,,,,,,,
932,Mediatek MT8735,,,1300,4/4,,,,,,,,,,,
933,Mediatek MT6737T,,,1500,4/4,,,,,,,,,,,
934,Mediatek MT6737,,,1250,4/4,,,,,,,,,,,
939,Rockchip RK3188,,,1800,4/4,,,,,,,,,,,
940,Intel Celeron B710,256KB + 1.5MB,35,1600,1/1,21.3,868,2051,,,0.62,,,88.4,20.28,3.53
Ранг,Модель,L2 Cache + L3 Cache,TDP (Вт),МГц (норм. - - Turbo),Ядра / потоки,"Потенциал, %",3DMark06 CPU,CB R10 32Bit Single,CB R10 32Bit Multi,Cinebench R11.5 CPU Single 64Bit,CB R11.5 64Bit,Cinebench R15 CPU Single 64Bit,Cinebench R15 CPU Multi 64Bit,wPrime 32,x264 Pass 1,x264 Pass 2
942,AMD E1-1500,1MB,18,1480,2/2,,,,,,,,,,,
944,AMD E1-1200,1MB,18,1400,2/2,19.9,873.5,912,1682,0.27,0.53,,,76,,
950,AMD E-300,1MB,18,1300,2/2,19.3,838.5,853,1176,0.25,0.48,,,79,,
951,Samsung Exynos 7570 Quad,,,1400,4/4,,,,,,,,,,,
952,Qualcomm Snapdragon 410 MSM8916,,,1400,4/4,,,,,,,,,,,
953,Qualcomm Snapdragon 410 APQ8016,,,1200,4/4,,,,,,,,,,,
954,HiSilicon Kirin 620,,,1200,8/8,,,,,,,,,,,
969,Intel Celeron 797,256KB + 1.5MB,35,1400,1/1,,,,,,,,,,,
970,HiSilicon Kirin 910,,,1600,4/4,,,,,,,,,,,
993,Intel Atom D2560,1MB,10,2000,2/4,,,,,,,,,,,
996,Intel Atom D2550,1MB,10,1866,2/4,,,,,,,,,,,
997,Intel Atom N2800,1MB,6,1860,2/4,20,965,648,1829,,,,,54.3,19.7,3.67
998,AMD E1-2200,1MB,9,1050,2/2,,,,,,,,,,,
999,Intel Atom E3826,1MB,7,1460,2/2,,,,,,,,,,,
1000,Intel Celeron N2805,1MB,4,1460,2/2,15.8,885,756,1430,,,24,44,85.21,17.35,3.13
1001,AMD A4-1250,1MB,9,1000,2/2,12.4,740.5,663,1258,0.2,0.47,20.5,32.5,111.18,14.96,2.86
1002,AMD E1-2100,1MB,9,1000,2/2,12.8,772,765,1435,0.24,0.47,20,36,106.97,14.69,2.69
1003,AMD A4-1200,1MB,4,1000,2/2,12.4,733,705.5,1248,0.24,0.42,19,31,111.88,11.45,2.85
1004,AMD GX-210JA,1MB,6,1000,2/2,,,,,,,,,,,
1005,Intel Atom Z2760,1MB,2,1800,2/4,15.6,945,601.5,1696.5,0.18,0.53,,,58.13,17.75,3.28
Ранг,Модель,L2 Cache + L3 Cache,TDP (Вт),МГц (норм. - - Turbo),Ядра / потоки,"Потенциал, %",3DMark06 CPU,CB R10 32Bit Single,CB R10 32Bit Multi,Cinebench R11.5 CPU Single 64Bit,CB R11.5 64Bit,Cinebench R15 CPU Single 64Bit,Cinebench R15 CPU Multi 64Bit,wPrime 32,x264 Pass 1,x264 Pass 2
1007,Intel Atom N2650,1MB,3,1733,2/4,,,,,,,,,,,
1008,Intel Atom E3825,1MB,6,1330,2/2,,,,,,,,,,,
1009,Intel Atom E3805,1MB,3,1330,2/2,,,,,,,,,,,
1020,Intel Atom N2600,1MB,4,1600,2/4,18.9,812,541,1527.5,,,,,66,9.8,9.9
1031,Qualcomm Snapdragon 400 MSM8928,,,1600,4/4,,,,,,,,,,,
1032,Qualcomm Snapdragon 400 APQ8028,,,1600,4/4,,,,,,,,,,,
1033,Mediatek MT6735P,,,1000,4/4,,,,,,,,,,,
1034,Mediatek MT6735M,,,1000,4/4,,,,,,,,,,,
1035,Marvell Armada PXA1908,,,1200,4/4,,,,,,,,,,,
1037,Apple A6x,,,1400,2,,,,,,,,,,,
1064,Intel Atom Z2580,1MB,3,1300 ? 2000,2/4,,,,,,,,,,,
1065,Qualcomm Snapdragon S4 Pro MSM8960DT,1MB,,1700,2/2,,,,,,,,,,,
1066,Qualcomm Snapdragon S4 Pro MSM8960T,1MB,,1700,2/2,,,,,,,,,,,
1080,AMD C-70,1MB,9,1000 ? 1333,2/2,18.4,782,798,1495,0.23,0.37,,,98.16,,
1081,Qualcomm Snapdragon 400 8930AB,1MB,,1700,2/2,,,,,,,,,,,
1082,AMD C-60,1MB,9,1000 ? 1333,2/2,18.6,753,767.5,1483,0.21,0.44,,,86.15,,
1083,Qualcomm Snapdragon S4 Plus APQ8060A,1MB,,1500,2/2,,,,,,,,,,,
1084,Qualcomm Snapdragon S4 Plus MSM8960,1MB,,1500,2/2,,,,,,,,,,,
1086,Qualcomm Snapdragon S4 Plus MSM8260A,1MB,,1500,2/2,,,,,,,,,,,
1090,Intel Atom Z2560,1MB,3,933 ? 1600,2/4,,,,,,,,,,,
Ранг,Модель,L2 Cache + L3 Cache,TDP (Вт),МГц (норм. - - Turbo),Ядра / потоки,"Потенциал, %",3DMark06 CPU,CB R10 32Bit Single,CB R10 32Bit Multi,Cinebench R11.5 CPU Single 64Bit,CB R11.5 64Bit,Cinebench R15 CPU Single 64Bit,Cinebench R15 CPU Multi 64Bit,wPrime 32,x264 Pass 1,x264 Pass 2
1091,AMD C-50,1MB,9,1000,2/2,18.9,635.5,661,1281.5,,0.38,,,111.21,,
1092,AMD Z-60,1MB,5,1000,2/2,14.8,,669,1249,0.2,0.37,,,114,11.24,1.95
1093,AMD Z-01,1MB,6,1000,2/2,,,,,,,,,,,
1098,Apple A6,,,1000,2,,,,,,,,,,,
1099,Intel Atom x3-C3130,512KB,,1000,2/2,,,,,,,,,,,
1100,AMD E-240,512KB,18,1500,1/1,22.3,500.5,937.5,,,0.26,,,137.4,,
1103,Samsung Exynos 4412 Quad,,,1400,4/4,,,,,,,,,,,
1104,NVIDIA Tegra 3,,,1200 ? 1300,4/4,,,,,,,,,,,
1105,Mediatek MT8127,512KB,,1500,4/4,,,,,,,,,,,
1106,Mediatek MT6589T,2MB,,1500,4/4,,,,,,,,,,,
1107,Mediatek MT8389,1MB,,1200,4/4,,,,,,,,,,,
1108,Mediatek MT8125,1MB,,1200,4/4,,,,,,,,,,,
1109,Spreadtrum SC9830A,,,1500,4/4,,,,,,,,,,,
1110,Samsung Exynos 3470 Quad,,,1400,4/4,,,,,,,,,,,
1111,Samsung Exynos 3475 Quad,,,1300,4/4,,,,,,,,,,,
1112,Mediatek MT8121,1MB,,1300,4/4,,,,,,,,,,,
1113,Mediatek MT6582,512KB,,1300,4/4,,,,,,,,,,,
1114,Mediatek MT6582M,512KB,,1300,4/4,,,,,,,,,,,
1115,Mediatek MT6580M,512KB,,1300,4/4,,,,,,,,,,,
1116,Spreadtrum SC7731,,,1300,4/4,,,,,,,,,,,
Ранг,Модель,L2 Cache + L3 Cache,TDP (Вт),МГц (норм. - - Turbo),Ядра / потоки,"Потенциал, %",3DMark06 CPU,CB R10 32Bit Single,CB R10 32Bit Multi,Cinebench R11.5 CPU Single 64Bit,CB R11.5 64Bit,Cinebench R15 CPU Single 64Bit,Cinebench R15 CPU Multi 64Bit,wPrime 32,x264 Pass 1,x264 Pass 2
1117,Qualcomm Snapdragon 212 APQ8009,,,1300,4/4,,,,,,,,,,,
1118,Qualcomm Snapdragon 400 MSM8926,,,1200,4/4,,,,,,,,,,,
1119,Qualcomm Snapdragon 400 MSM8226,,,1200,4/4,,,,,,,,,,,
1120,Qualcomm Snapdragon 400 APQ8026,,,1200,4/4,,,,,,,,,,,
1121,Mediatek MT6589,,,1200,4/4,,,,,,,,,,,
1122,Qualcomm Snapdragon 200 MSM8212,,,1200,4/4,,,,,,,,,,,
1123,Qualcomm Snapdragon 210 MSM8909,,,1100,4/4,,,,,,,,,,,
1124,Marvell PXA1088,,,1200,4/4,,,,,,,,,,,
1125,Qualcomm Snapdragon S4 Plus MSM8930,1MB,,1200,2/2,,,,,,,,,,,
1126,Qualcomm Snapdragon S4 Plus MSM8230,1MB,,1200,2/2,,,,,,,,,,,
1127,Qualcomm 205,,,1100,2/2,,,,,,,,,,,
1128,Intel Atom Z2480,512KB,,2000,1/2,,,,,,,,,,,
1129,Intel Atom E3815,512KB,5,1460,1/1,,,,,,,,,,,
1144,AMD C-30,512KB,9,1200,1/1,3.2,403,,,,,,,,,
1152,Intel Atom Z2460,512KB,4,1300 ? 1600,1/2,,,,,,,,,,,
1163,Qualcomm Snapdragon S4 Plus MSM8227,1MB,,1000,2/2,,,,,,,,,,,
1168,Samsung Exynos 4212 1.5 GHz,1MB,,1500,2/2,,,,,,,,,,,
1169,Texas Instruments OMAP 4470,,,1500,2/2,,,,,,,,,,,
1170,HiSilicon k3v2 Hi3620,,,1200,4/4,,,,,,,,,,,
1171,Rockchip RK3066 1.5 GHz,512KB,,1500,2/2,,,,,,,,,,,
Ранг,Модель,L2 Cache + L3 Cache,TDP (Вт),МГц (норм. - - Turbo),Ядра / потоки,"Потенциал, %",3DMark06 CPU,CB R10 32Bit Single,CB R10 32Bit Multi,Cinebench R11.5 CPU Single 64Bit,CB R11.5 64Bit,Cinebench R15 CPU Single 64Bit,Cinebench R15 CPU Multi 64Bit,wPrime 32,x264 Pass 1,x264 Pass 2
1172,Qualcomm Snapdragon S4 Play MSM8625Q,,,1200,4/4,,,,,,,,,,,
1173,Qualcomm Snapdragon 200 8225Q,,,1400,4/4,,,,,,,,,,,
1174,Qualcomm Snapdragon S4 Play MSM8225Q,,,1200,4/4,,,,,,,,,,,
1175,MediaTek MT8312,,,1300,2/2,,,,,,,,,,,
1176,Renesas MP5232,,,1500,2/2,,,,,,,,,,,
1177,Broadcom BCM21664T,,,1200,2/2,,,,,,,,,,,
1178,Marvell PXA986,,,1200,2/2,,,,,,,,,,,
1179,Amlogic AML8726-MX,512KB,,1500,2/2,,,,,,,,,,,
1180,Qualcomm Snapdragon S3 MSM8660,1MB,,1700,2/2,,,,,,,,,,,
1181,Qualcomm Snapdragon S3 MSM8260,1MB,,1500,2/2,,,,,,,,,,,
1182,Samsung Exynos 4210 1.4 GHz,1MB,,1400,2/2,,,,,,,,,,,
1187,Texas Instruments OMAP 4460,,1,1200,2/2,,,,,,,,,,,
1188,Rockchip RK3168,,,1200,2/2,,,,,,,,,,,
1189,Samsung Exynos 4210 1.2 GHz,1MB,,1200,2/2,,,,,,,,,,,
1190,MediaTek MT8377,1MB,,1200,2/2,,,,,,,,,,,
1191,Broadcom BCM28155,,,1200,2/2,,,,,,,,,,,
1192,Texas Instruments OMAP 4430,,1,1000,2/2,,,,,,,,,,,
1193,MediaTek MT6572,1MB,,1200,2/2,,,,,,,,,,,
1194,Spreadtrum SC8830,512KB,,1200,4/4,,,,,,,,,,,
1195,Apple A5x,,,1000,2,,,,,,,,,,,
Ранг,Модель,L2 Cache + L3 Cache,TDP (Вт),МГц (норм. - - Turbo),Ядра / потоки,"Потенциал, %",3DMark06 CPU,CB R10 32Bit Single,CB R10 32Bit Multi,Cinebench R11.5 CPU Single 64Bit,CB R11.5 64Bit,Cinebench R15 CPU Single 64Bit,Cinebench R15 CPU Multi 64Bit,wPrime 32,x264 Pass 1,x264 Pass 2
1196,Qualcomm Snapdragon S4 Play MSM8225,,,1500,2/2,,,,,,,,,,,
1197,Intel Atom Z2420,512KB,,1200,1/2,,,,,,,,,,,
1198,Apple A5,,,1000,2,,,,,,,,,,,
1199,Nvidia Tegra 2 (250),1MB,1,1000,2/2,,,,,,,,,,,
1200,Qualcomm Snapdragon 200 8210,,,1200,2/2,,,,,,,,,,,
1201,MediaTek MT8317T,,,1200,2/2,,,,,,,,,,,
1202,MediaTek MT6577,,,1000,2/2,,,,,,,,,,,
1203,ST-Ericsson NovaThor U8500,,,1000,2/2,,,,,,,,,,,
1204,ST-Ericsson NovaThor U8420,,,1000,2/2,,,,,,,,,,,
1212,MediaTek MT6575,,,1000,1/1,,,,,,,,,,,
1218,Qualcomm Snapdragon S2 MSM8255,,,1500,1/1,,,,,,,,,,,
1219,Rockchip RK2918 1.2 GHz,,,1200,1/1,,,,,,,,,,,
1220,AllWinner A10,,,1200,1/1,,,,,,,,,,,
1221,ARM Cortex A8 1.2 GHz,,,1200,1/1,,,,,,,,,,,
1222,Apple A4,,,1000,1/1,,,,,,,,,,,
1223,AllWinner A13,,,1000,1/1,,,,,,,,,,,
1224,WonderMedia PRIZM WM8950,,,1000,1/1,,,,,,,,,,,
1225,Samsung Hummingbird S5PC110 / Exynos 3110,,,1000,1/1,,,,,,,,,,,
1226,Qualcomm Snapdragon S1 MSM7227A,256KB,,1000,1/1,,,,,,,,,,,
1227,Qualcomm Snapdragon S1 MSM7225A,256KB,,1000,1/1,,,,,,,,,,,
Ранг,Модель,L2 Cache + L3 Cache,TDP (Вт),МГц (норм. - - Turbo),Ядра / потоки,"Потенциал, %",3DMark06 CPU,CB R10 32Bit Single,CB R10 32Bit Multi,Cinebench R11.5 CPU Single 64Bit,CB R11.5 64Bit,Cinebench R15 CPU Single 64Bit,Cinebench R15 CPU Multi 64Bit,wPrime 32,x264 Pass 1,x264 Pass 2
1228,Texas Instruments OMAP 3630 1GHz,,,1000,1/1,,,,,,,,,,,
1229,Texas Instruments OMAP 3622,,,1000,1/1,,,,,,,,,,,
1230,Rockchip RK2918,,,1000,1/1,,,,,,,,,,,
1231,Telechips TCC8803 1GHz,,,1000,1/1,,,,,,,,,,,
1232,ZiiLABS ZMS-08,,,1000,1/1,,,,,,,,,,,
1233,ARM Cortex A8 1GHz,,,1000,1/1,,,,,,,,,,,
1234,Actions ACT-ATM7029,,,1000,4/4,,,,,,,,,,,
1235,Qualcomm Snapdragon S1 QSD8250,,,1000,1/1,,,,,,,,,,,
1238,Loongson 2F 900MHz,512KB,4,900,1/1,,,,,,,,,,,
1239,Qualcomm Snapdragon S1 MSM7227,,,600,1/1,,,,,,,,,,,
1240,CSR8670,,,80,2,,,,,,,,,,,